observation_id,category,sub_category,district,city,coarsened_latitude,coarsened_longitude,normalized_price_per_kg,weight_kg,anonymized_collector_id,recycler_id,source,recorded_at
SYNTH-OBS-1BA63118,mixed plastics,Hard ABS Monitor Enclosure,Palghar,Palghar,19.68,72.77,17.82,25.83,,,synthetic,2026-06-27T11:58:39.030576Z
SYNTH-OBS-50F87891,mixed plastics,Hard ABS Monitor Enclosure,Nashik,Nashik,20.0,73.775,16.11,24.45,ANON-C-BC84C0A3C2CA,,synthetic,2026-06-27T18:30:21.926483Z
SYNTH-OBS-D98E8F09,mixed plastics,Shredded Computer Polymers,Pune,Pune,18.5,73.855,18.43,29.99,ANON-C-126BD3F10FF3,REC-MH-04,synthetic,2026-06-27T18:37:09.993825Z
SYNTH-OBS-0691619B,mixed plastics,Shredded Computer Polymers,Palghar,Palghar,19.695,72.765,16.69,2.4,,,synthetic,2026-06-29T07:33:49.781455Z
SYNTH-OBS-B61B9638,mixed plastics,Hard ABS Monitor Enclosure,Mumbai,Mumbai,19.085,72.905,20.42,9.85,,,synthetic,2026-06-29T14:53:59.425473Z
SYNTH-OBS-6B75C620,mixed plastics,Shredded Computer Polymers,Palghar,Palghar,19.69,72.765,18.08,3.86,ANON-C-CF490C24C197,REC-MH-05,synthetic,2026-06-30T14:23:53.450138Z
SYNTH-OBS-A2F6F1B0,mixed plastics,Hard ABS Monitor Enclosure,Nagpur,Nagpur,21.15,79.11,17.29,8.81,ANON-C-3A8665F44326,,synthetic,2026-07-01T13:03:12.557856Z
SYNTH-OBS-54DC31BF,mixed plastics,Hard ABS Monitor Enclosure,Palghar,Palghar,19.67,72.755,17.49,20.09,ANON-C-0B7236907DC1,REC-MH-07,synthetic,2026-07-01T15:02:12.416406Z
SYNTH-OBS-456CDCB5,mixed plastics,Shredded Computer Polymers,Palghar,Palghar,19.74,72.77,17.64,28.25,,REC-MH-02,synthetic,2026-07-02T00:35:29.967123Z
SYNTH-OBS-754783C0,mixed plastics,Shredded Computer Polymers,Nagpur,Nagpur,21.135,79.09,19.32,16.13,,REC-MH-06,synthetic,2026-07-04T19:25:15.422802Z
SYNTH-OBS-619516F8,mixed plastics,Hard ABS Monitor Enclosure,Pune,Pune,18.515,73.825,18.36,19.14,,,synthetic,2026-07-04T22:20:32.073601Z
SYNTH-OBS-9B983335,mixed plastics,Hard ABS Monitor Enclosure,Mumbai,Mumbai,19.075,72.87,21.65,34.99,ANON-C-9A60F440D9EE,,synthetic,2026-07-06T16:09:48.481567Z
SYNTH-OBS-52D7B612,mixed plastics,Hard ABS Monitor Enclosure,Palghar,Palghar,19.67,72.8,15.65,23.26,ANON-C-CFC746C09789,,synthetic,2026-07-09T05:16:07.741258Z
SYNTH-OBS-8E688760,mixed plastics,Shredded Computer Polymers,Mumbai,Mumbai,19.055,72.88,18.05,7.77,,,synthetic,2026-07-13T15:13:14.563163Z
SYNTH-OBS-8CF5EC4B,mixed plastics,Hard ABS Monitor Enclosure,Mumbai,Mumbai,19.08,72.845,21.32,24.07,,REC-MH-09,synthetic,2026-07-14T21:23:44.766909Z
SYNTH-OBS-5F0677DC,mixed plastics,Shredded Computer Polymers,Nagpur,Nagpur,21.145,79.115,17.13,10.92,ANON-C-804CBE7AF944,,synthetic,2026-07-16T15:22:07.810528Z
SYNTH-OBS-4B7D1BE5,mixed plastics,Shredded Computer Polymers,Mumbai,Mumbai,19.085,72.87,21.13,3.32,ANON-C-4F5FD9DC2877,REC-MH-07,synthetic,2026-07-16T17:30:26.879316Z
SYNTH-OBS-53258013,mixed plastics,Shredded Computer Polymers,Mumbai,Mumbai,19.08,72.895,19.67,15.77,ANON-C-455E32DCB8F6,REC-MH-04,synthetic,2026-07-17T01:57:07.466726Z
SYNTH-OBS-13519916,mixed plastics,Hard ABS Monitor Enclosure,Nagpur,Nagpur,21.135,79.1,20.45,18.08,,,synthetic,2026-07-17T07:47:28.248712Z
SYNTH-OBS-DC042D6E,mixed plastics,Shredded Computer Polymers,Thane,Thane,19.195,72.98,18.53,33.14,ANON-C-440C5213C32C,,synthetic,2026-07-18T14:40:23.610322Z
SYNTH-OBS-CFF2194E,mixed plastics,Hard ABS Monitor Enclosure,Nagpur,Nagpur,21.15,79.085,18.95,8.96,ANON-C-596E10331CBF,REC-MH-06,synthetic,2026-07-21T09:53:08.627934Z
SYNTH-OBS-5FFF8D55,mixed plastics,Shredded Computer Polymers,Palghar,Palghar,19.685,72.76,19.7,14.1,ANON-C-9D5926098B5A,,synthetic,2026-07-21T17:21:29.031765Z
SYNTH-OBS-D35E2AE1,mixed plastics,Shredded Computer Polymers,Thane,Thane,19.255,72.985,20.36,8.7,,,synthetic,2026-07-23T09:38:32.813795Z
SYNTH-OBS-30F046D0,mixed plastics,Hard ABS Monitor Enclosure,Thane,Thane,19.225,72.985,21.05,16.51,,REC-MH-02,synthetic,2026-07-24T04:12:51.419748Z
SYNTH-OBS-9B9DE3B4,mixed plastics,Hard ABS Monitor Enclosure,Pune,Pune,18.47,73.86,18.88,26.43,,REC-MH-05,synthetic,2026-07-24T08:10:15.806990Z
SYNTH-OBS-BAFFBA64,mixed plastics,Shredded Computer Polymers,Palghar,Palghar,19.68,72.77,17.84,23.31,ANON-C-7BEF6711CEFE,,synthetic,2026-07-25T16:40:58.878975Z
SYNTH-OBS-913EC84D,mixed plastics,Hard ABS Monitor Enclosure,Nashik,Nashik,19.97,73.8,18.14,24.34,ANON-C-7C0B51C103A4,REC-MH-03,synthetic,2026-07-28T18:58:18.245885Z
SYNTH-OBS-B9944519,mixed plastics,Hard ABS Monitor Enclosure,Thane,Thane,19.235,72.965,20.41,28.33,,,synthetic,2026-07-29T15:59:10.161614Z
SYNTH-OBS-1DD042D3,mixed plastics,Hard ABS Monitor Enclosure,Nashik,Nashik,19.995,73.78,19.18,31.6,ANON-C-41BF92DD7A88,REC-MH-03,synthetic,2026-07-29T20:45:22.908400Z
SYNTH-OBS-C077F823,mixed plastics,Hard ABS Monitor Enclosure,Nashik,Nashik,19.985,73.775,17.84,18.77,ANON-C-119B9B54A63C,REC-MH-06,synthetic,2026-08-02T18:51:14.485524Z
SYNTH-OBS-9731D8DE,mixed plastics,Hard ABS Monitor Enclosure,Pune,Pune,18.5,73.835,21.4,26.58,ANON-C-5263A570519C,REC-MH-09,synthetic,2026-08-02T23:51:23.663990Z
SYNTH-OBS-D71AFF74,mixed plastics,Hard ABS Monitor Enclosure,Palghar,Palghar,19.69,72.765,17.97,1.43,ANON-C-80BEC1C74684,,synthetic,2026-08-08T08:17:08.395866Z
SYNTH-OBS-192F4A5C,mixed plastics,Hard ABS Monitor Enclosure,Mumbai,Mumbai,19.035,72.9,22.2,27.38,ANON-C-455E32DCB8F6,REC-MH-08,synthetic,2026-08-08T23:25:36.612216Z
SYNTH-OBS-48E9F777,mixed plastics,Shredded Computer Polymers,Pune,Pune,18.535,73.875,21.38,33.04,,REC-MH-02,synthetic,2026-08-10T06:21:36.154217Z
SYNTH-OBS-107E7237,mixed plastics,Hard ABS Monitor Enclosure,Thane,Thane,19.205,72.955,20.78,30.46,,REC-MH-07,synthetic,2026-08-10T20:43:31.638147Z
SYNTH-OBS-2B53C029,mixed plastics,Hard ABS Monitor Enclosure,Pune,Pune,18.555,73.89,21.52,17.3,,,synthetic,2026-08-14T20:21:14.618862Z
SYNTH-OBS-15EC099B,mixed plastics,Shredded Computer Polymers,Nashik,Nashik,19.985,73.775,16.26,33.22,ANON-C-E090A801DD06,REC-MH-02,synthetic,2026-08-19T21:27:43.073487Z
SYNTH-OBS-542744DD,mixed plastics,Shredded Computer Polymers,Mumbai,Mumbai,19.065,72.9,24.53,4.03,ANON-C-15DEE66DDA9B,,synthetic,2026-08-20T09:28:51.751057Z
SYNTH-OBS-268756EA,mixed plastics,Hard ABS Monitor Enclosure,Nashik,Nashik,20.01,73.815,18.62,19.87,ANON-C-13D27F1CB378,,synthetic,2026-08-21T18:12:06.752374Z
SYNTH-OBS-132BB29A,mixed plastics,Shredded Computer Polymers,Nashik,Nashik,19.99,73.79,20.41,14.46,,REC-MH-01,synthetic,2026-08-29T15:55:51.717082Z
SYNTH-OBS-515FCC53,mixed plastics,Hard ABS Monitor Enclosure,Nagpur,Nagpur,21.15,79.1,18.69,8.05,ANON-C-2AF266677528,,synthetic,2026-08-30T03:33:40.236690Z
SYNTH-OBS-EF6F379E,mixed plastics,Hard ABS Monitor Enclosure,Palghar,Palghar,19.695,72.795,19.96,32.91,ANON-C-8E9467FFA6CB,,synthetic,2026-08-30T16:21:44.014726Z
SYNTH-OBS-52A08936,mixed plastics,Shredded Computer Polymers,Pune,Pune,18.515,73.825,22.03,31.32,ANON-C-F6E7BC7050A8,REC-MH-01,synthetic,2026-08-31T04:00:22.673431Z
SYNTH-OBS-8A0FAAE2,mixed plastics,Shredded Computer Polymers,Palghar,Palghar,19.715,72.78,21.69,7.2,,,synthetic,2026-09-02T08:31:02.474369Z
SYNTH-OBS-0F9D78B9,mixed plastics,Hard ABS Monitor Enclosure,Pune,Pune,18.535,73.845,22.94,26.21,ANON-C-F6A39CBE3683,,synthetic,2026-09-06T11:48:53.870818Z
SYNTH-OBS-CBA181CF,mixed plastics,Shredded Computer Polymers,Nashik,Nashik,20.01,73.815,21.74,34.5,ANON-C-7F4E658148DC,,synthetic,2026-09-07T23:40:19.345564Z
SYNTH-OBS-D6A74FD8,mixed plastics,Shredded Computer Polymers,Palghar,Palghar,19.71,72.76,21.5,17.98,ANON-C-619B7798BA45,,synthetic,2026-09-11T13:48:24.297808Z
SYNTH-OBS-894CA6C3,mixed plastics,Shredded Computer Polymers,Nagpur,Nagpur,21.145,79.09,22.08,24.52,ANON-C-B1EC177D4660,REC-MH-08,synthetic,2026-09-15T17:20:28.220981Z
SYNTH-OBS-1A6670CC,mixed plastics,Hard ABS Monitor Enclosure,Pune,Pune,18.51,73.84,19.93,21.9,,,synthetic,2026-09-16T06:53:34.654805Z
SYNTH-OBS-FE2163CA,mixed plastics,Hard ABS Monitor Enclosure,Palghar,Palghar,19.675,72.73,19.64,5.38,ANON-C-7BED102C994F,,synthetic,2026-09-17T22:58:15.969005Z
SYNTH-OBS-8FB3FB8B,mixed plastics,Shredded Computer Polymers,Mumbai,Mumbai,19.035,72.87,24.21,25.15,ANON-C-43247B8DA50D,,synthetic,2026-09-18T04:08:01.075435Z
SYNTH-OBS-4B5DB7FE,mixed plastics,Hard ABS Monitor Enclosure,Nagpur,Nagpur,21.135,79.11,18.5,28.86,,REC-MH-01,synthetic,2026-09-18T08:15:36.049833Z
SYNTH-OBS-A5AAB277,mixed plastics,Hard ABS Monitor Enclosure,Nashik,Nashik,20.015,73.77,22.18,24.36,ANON-C-39200321BB63,REC-MH-08,synthetic,2026-09-19T19:17:25.814055Z
SYNTH-OBS-BD8E434D,mixed plastics,Shredded Computer Polymers,Palghar,Palghar,19.735,72.79,21.91,32.58,,REC-MH-03,synthetic,2026-09-21T02:26:29.538912Z
SYNTH-OBS-9657BE5C,mixed plastics,Hard ABS Monitor Enclosure,Nashik,Nashik,19.995,73.81,22.31,31.97,,,synthetic,2026-09-21T12:21:41.079682Z
SYNTH-OBS-D7F36D29,mixed plastics,Shredded Computer Polymers,Nashik,Nashik,20.005,73.785,23.38,8.17,ANON-C-EF8C249BB928,REC-MH-08,synthetic,2026-09-21T14:02:08.519215Z
SYNTH-OBS-936416A8,mixed plastics,Shredded Computer Polymers,Thane,Thane,19.205,72.975,22.65,4.03,ANON-C-D2A4E1061D78,,synthetic,2026-09-23T21:15:14.006338Z
SYNTH-OBS-D7EB6E4D,PCB (mid grade),Audio/Video Multi-Layer,Nashik,Nashik,20.005,73.78,170.83,28.9,,REC-MH-05,synthetic,2026-06-27T22:37:10.618247Z
SYNTH-OBS-2D13B229,PCB (mid grade),Desktop Motherboard (Green),Pune,Pune,18.52,73.85,172.39,10.92,ANON-C-4F5FD9DC2877,REC-MH-08,synthetic,2026-07-02T01:21:51.090814Z
SYNTH-OBS-876C412C,PCB (mid grade),Audio/Video Multi-Layer,Pune,Pune,18.52,73.85,174.5,0.5,,REC-MH-02,synthetic,2026-07-03T21:38:10.247362Z
SYNTH-OBS-BBFD4F3D,PCB (mid grade),Audio/Video Multi-Layer,Thane,Thane,19.165,72.965,184.2,25.06,,REC-MH-08,synthetic,2026-07-06T03:25:44.996634Z
SYNTH-OBS-CAE815A2,PCB (mid grade),Audio/Video Multi-Layer,Palghar,Palghar,19.725,72.78,160.61,14.6,ANON-C-9F1EE020016B,,synthetic,2026-07-09T16:47:46.210471Z
SYNTH-OBS-491BF7A8,PCB (mid grade),Audio/Video Multi-Layer,Thane,Thane,19.245,72.99,188.05,28.62,ANON-C-89E5717A0711,,synthetic,2026-07-09T22:40:30.873885Z
SYNTH-OBS-DFE26B05,PCB (mid grade),Audio/Video Multi-Layer,Nagpur,Nagpur,21.2,79.12,170.95,13.82,ANON-C-920C0A109B2D,,synthetic,2026-07-12T18:24:04.699325Z
SYNTH-OBS-716BD224,PCB (mid grade),Audio/Video Multi-Layer,Palghar,Palghar,19.69,72.745,172.11,11.63,,REC-MH-08,synthetic,2026-07-12T19:47:23.531510Z
SYNTH-OBS-22116E9E,PCB (mid grade),Audio/Video Multi-Layer,Mumbai,Mumbai,19.06,72.875,197.01,4.25,ANON-C-B5735419511D,,synthetic,2026-07-13T08:17:11.026489Z
SYNTH-OBS-A327068F,PCB (mid grade),Audio/Video Multi-Layer,Nashik,Nashik,19.98,73.79,163.52,12.71,ANON-C-0502776FF9B8,,synthetic,2026-07-16T18:01:56.693092Z
SYNTH-OBS-C188AA81,PCB (mid grade),Audio/Video Multi-Layer,Pune,Pune,18.53,73.83,170.23,14.4,ANON-C-E6CB8E2E4C71,REC-MH-09,synthetic,2026-07-17T10:23:29.767443Z
SYNTH-OBS-B684946C,PCB (mid grade),Desktop Motherboard (Green),Nagpur,Nagpur,21.18,79.095,179.5,29.26,,REC-MH-07,synthetic,2026-07-18T04:57:38.572749Z
SYNTH-OBS-78F634F3,PCB (mid grade),Desktop Motherboard (Green),Nagpur,Nagpur,21.15,79.08,162.04,0.51,,REC-MH-09,synthetic,2026-07-19T08:46:40.684739Z
SYNTH-OBS-87918A49,PCB (mid grade),Audio/Video Multi-Layer,Mumbai,Mumbai,19.075,72.89,193.19,5.66,ANON-C-BC1ADB04F898,REC-MH-03,synthetic,2026-07-21T12:33:59.366803Z
SYNTH-OBS-EDD5CBE6,PCB (mid grade),Desktop Motherboard (Green),Nashik,Nashik,19.98,73.75,180.72,7.05,ANON-C-920C0A109B2D,,synthetic,2026-07-22T23:56:41.274342Z
SYNTH-OBS-AB9DB306,PCB (mid grade),Desktop Motherboard (Green),Palghar,Palghar,19.73,72.745,149.47,23.31,ANON-C-24C350764D3C,,synthetic,2026-07-25T07:47:09.895601Z
SYNTH-OBS-40953721,PCB (mid grade),Desktop Motherboard (Green),Mumbai,Mumbai,19.05,72.86,207.43,14.12,ANON-C-489C8BD4F5B1,,synthetic,2026-07-25T20:42:16.042064Z
SYNTH-OBS-1EFD7785,PCB (mid grade),Audio/Video Multi-Layer,Palghar,Palghar,19.735,72.78,159.26,18.39,ANON-C-5E7F51AB01FD,REC-MH-09,synthetic,2026-07-26T08:16:18.111332Z
SYNTH-OBS-81F5AF82,PCB (mid grade),Desktop Motherboard (Green),Mumbai,Mumbai,19.05,72.87,198.91,4.42,ANON-C-53442712C3B3,REC-MH-03,synthetic,2026-07-27T00:10:26.512391Z
SYNTH-OBS-749A07F7,PCB (mid grade),Audio/Video Multi-Layer,Pune,Pune,18.545,73.885,196.87,12.06,ANON-C-FC7D13546CDE,REC-MH-05,synthetic,2026-07-30T21:49:01.619747Z
SYNTH-OBS-0A08B14D,PCB (mid grade),Audio/Video Multi-Layer,Mumbai,Mumbai,19.105,72.85,192.03,10.53,,REC-MH-03,synthetic,2026-07-30T23:18:14.003146Z
SYNTH-OBS-DDE932E3,PCB (mid grade),Audio/Video Multi-Layer,Nashik,Nashik,19.99,73.81,169.23,33.63,ANON-C-073DDC351D1B,,synthetic,2026-08-01T16:37:35.051349Z
SYNTH-OBS-E01C5CC1,PCB (mid grade),Audio/Video Multi-Layer,Pune,Pune,18.54,73.895,177.92,31.41,ANON-C-58427D0EA0C1,,synthetic,2026-08-02T19:52:52.440716Z
SYNTH-OBS-F41C5914,PCB (mid grade),Audio/Video Multi-Layer,Pune,Pune,18.5,73.83,172.45,19.65,ANON-C-2C885395C16F,,synthetic,2026-08-04T05:00:48.410485Z
SYNTH-OBS-54E70058,PCB (mid grade),Audio/Video Multi-Layer,Pune,Pune,18.52,73.875,188.11,33.2,ANON-C-EB8E1740442D,REC-MH-05,synthetic,2026-08-04T13:13:00.755105Z
SYNTH-OBS-2FD6AB1A,PCB (mid grade),Audio/Video Multi-Layer,Palghar,Palghar,19.68,72.755,161.94,26.82,,,synthetic,2026-08-05T21:05:22.451855Z
SYNTH-OBS-A3221CAC,PCB (mid grade),Desktop Motherboard (Green),Palghar,Palghar,19.705,72.78,193.21,10.83,,REC-MH-06,synthetic,2026-08-06T01:32:53.626722Z
SYNTH-OBS-B1B4F98B,PCB (mid grade),Desktop Motherboard (Green),Nagpur,Nagpur,21.16,79.105,181.63,16.52,ANON-C-C593B246CC02,REC-MH-09,synthetic,2026-08-09T16:13:35.955949Z
SYNTH-OBS-B4DD4F2C,PCB (mid grade),Audio/Video Multi-Layer,Thane,Thane,19.185,72.97,195.51,5.44,ANON-C-769168299046,,synthetic,2026-08-11T18:25:51.991209Z
SYNTH-OBS-B1A3461B,PCB (mid grade),Desktop Motherboard (Green),Nagpur,Nagpur,21.16,79.1,186.58,20.24,ANON-C-8470F18DEEE3,,synthetic,2026-08-12T07:13:15.952435Z
SYNTH-OBS-64031F5B,PCB (mid grade),Audio/Video Multi-Layer,Palghar,Palghar,19.725,72.775,168.68,11.34,ANON-C-7A8C737580A3,,synthetic,2026-08-14T14:11:12.300241Z
SYNTH-OBS-F7E95F6F,PCB (mid grade),Audio/Video Multi-Layer,Mumbai,Mumbai,19.055,72.91,169.41,9.06,ANON-C-C666E01BFF0D,REC-MH-07,synthetic,2026-08-15T19:35:36.725551Z
SYNTH-OBS-323AA3EF,PCB (mid grade),Desktop Motherboard (Green),Palghar,Palghar,19.685,72.76,162.51,0.59,,REC-MH-09,synthetic,2026-08-17T15:51:33.790628Z
SYNTH-OBS-4BF00C54,PCB (mid grade),Desktop Motherboard (Green),Palghar,Palghar,19.685,72.75,154.07,15.28,ANON-C-7EF312517D9D,,synthetic,2026-08-18T19:17:46.364761Z
SYNTH-OBS-6D8DACAA,PCB (mid grade),Desktop Motherboard (Green),Pune,Pune,18.5,73.87,198.62,2.01,,,synthetic,2026-08-19T02:03:03.783223Z
SYNTH-OBS-DDEC7375,PCB (mid grade),Desktop Motherboard (Green),Palghar,Palghar,19.68,72.79,170.76,14.56,ANON-C-0C4ABA2F857B,,synthetic,2026-08-19T04:10:31.063656Z
SYNTH-OBS-EB3322C0,PCB (mid grade),Desktop Motherboard (Green),Nashik,Nashik,20.015,73.785,182.5,0.5,,REC-MH-07,synthetic,2026-08-19T22:09:46.060829Z
SYNTH-OBS-861B57AF,PCB (mid grade),Desktop Motherboard (Green),Mumbai,Mumbai,19.055,72.87,199.18,0.56,ANON-C-A941F84612FA,,synthetic,2026-08-20T22:20:47.802555Z
SYNTH-OBS-7B614C9C,PCB (mid grade),Desktop Motherboard (Green),Nagpur,Nagpur,21.135,79.1,183.69,29.01,ANON-C-417525D6C857,,synthetic,2026-08-26T10:08:49.211507Z
SYNTH-OBS-F86BD5EC,PCB (mid grade),Audio/Video Multi-Layer,Nashik,Nashik,19.995,73.77,184.17,16.95,ANON-C-61CBDD5E4A1D,REC-MH-08,synthetic,2026-08-30T15:34:15.819787Z
SYNTH-OBS-AB57B5E4,PCB (mid grade),Audio/Video Multi-Layer,Palghar,Palghar,19.715,72.805,191.07,29.98,,REC-MH-07,synthetic,2026-09-01T12:30:19.246332Z
SYNTH-OBS-119557D4,PCB (mid grade),Desktop Motherboard (Green),Nashik,Nashik,20.015,73.775,189.13,31.31,ANON-C-F806D913039A,,synthetic,2026-09-01T20:05:02.907878Z
SYNTH-OBS-F06D6C06,PCB (mid grade),Audio/Video Multi-Layer,Palghar,Palghar,19.705,72.77,195.47,33.28,ANON-C-45846A7F36D8,REC-MH-02,synthetic,2026-09-04T04:29:02.475205Z
SYNTH-OBS-752C5876,PCB (mid grade),Audio/Video Multi-Layer,Palghar,Palghar,19.72,72.79,191.58,16.59,,,synthetic,2026-09-07T02:14:23.536779Z
SYNTH-OBS-016EE6A3,PCB (mid grade),Audio/Video Multi-Layer,Mumbai,Mumbai,19.085,72.85,222.55,23.78,,REC-MH-05,synthetic,2026-09-07T20:34:56.533729Z
SYNTH-OBS-81876323,PCB (mid grade),Desktop Motherboard (Green),Nashik,Nashik,20.01,73.795,193.66,6.61,,REC-MH-03,synthetic,2026-09-09T16:22:06.507106Z
SYNTH-OBS-B727A6FA,PCB (mid grade),Audio/Video Multi-Layer,Nagpur,Nagpur,21.15,79.125,206.18,0.55,,,synthetic,2026-09-12T05:28:56.438585Z
SYNTH-OBS-3DDE79F5,PCB (mid grade),Audio/Video Multi-Layer,Nagpur,Nagpur,21.14,79.09,190.05,14.21,,,synthetic,2026-09-12T07:12:56.221892Z
SYNTH-OBS-2BF3C41E,PCB (mid grade),Audio/Video Multi-Layer,Nashik,Nashik,19.99,73.83,191.92,28.18,ANON-C-14F9D7411B66,REC-MH-09,synthetic,2026-09-13T12:01:36.555081Z
SYNTH-OBS-FB8EE6AE,PCB (mid grade),Desktop Motherboard (Green),Pune,Pune,18.525,73.86,200.71,0.56,,,synthetic,2026-09-16T02:53:43.880205Z
SYNTH-OBS-AD9BA5C9,PCB (mid grade),Audio/Video Multi-Layer,Thane,Thane,19.175,72.97,207.18,8.35,ANON-C-1B0AE6C3ADBB,,synthetic,2026-09-18T16:11:28.348946Z
SYNTH-OBS-319C9D87,PCB (mid grade),Audio/Video Multi-Layer,Nagpur,Nagpur,21.14,79.125,195.54,24.23,ANON-C-1E5B11A7991A,REC-MH-06,synthetic,2026-09-19T14:11:49.924084Z
SYNTH-OBS-757CCC48,PCB (mid grade),Desktop Motherboard (Green),Thane,Thane,19.235,72.995,211.82,13.52,ANON-C-929CF9774227,REC-MH-02,synthetic,2026-09-22T07:34:54.981306Z
SYNTH-OBS-5A281BAB,PCB (mid grade),Audio/Video Multi-Layer,Pune,Pune,18.535,73.88,211.13,4.75,,,synthetic,2026-09-22T08:35:00.361965Z
SYNTH-OBS-6C29C1FC,LCD panel,LCD TV Screen Assembly,Palghar,Palghar,19.69,72.76,38.99,5.83,ANON-C-33BFE7E93A66,REC-MH-05,synthetic,2026-06-28T02:24:43.117102Z
SYNTH-OBS-84EBA5FD,LCD panel,Laptop Display Panel,Mumbai,Mumbai,19.08,72.86,41.7,2.99,ANON-C-2AB7AD81053F,REC-MH-07,synthetic,2026-06-28T12:57:32.182312Z
SYNTH-OBS-831FA1F2,LCD panel,Laptop Display Panel,Palghar,Palghar,19.705,72.75,37.7,26.89,,,synthetic,2026-06-28T23:24:17.881294Z
SYNTH-OBS-E1831172,LCD panel,Laptop Display Panel,Palghar,Palghar,19.705,72.795,40.16,13.42,ANON-C-2CD3D0DA229A,,synthetic,2026-07-03T05:44:19.275981Z
SYNTH-OBS-8F38E442,LCD panel,LCD TV Screen Assembly,Pune,Pune,18.49,73.84,38.59,3.76,ANON-C-831EC18E1D8C,REC-MH-02,synthetic,2026-07-07T12:57:34.818620Z
SYNTH-OBS-3C965B82,LCD panel,LCD TV Screen Assembly,Nashik,Nashik,19.975,73.82,38.3,3.58,ANON-C-3854F7CC68FA,,synthetic,2026-07-10T11:47:47.422267Z
SYNTH-OBS-5D8C4359,LCD panel,Laptop Display Panel,Mumbai,Mumbai,19.07,72.865,40.5,30.87,,REC-MH-03,synthetic,2026-07-10T14:41:53.337221Z
SYNTH-OBS-E21BCBD9,LCD panel,LCD TV Screen Assembly,Palghar,Palghar,19.68,72.76,31.7,27.99,ANON-C-5BF8D31032D3,REC-MH-03,synthetic,2026-07-10T16:04:24.116744Z
SYNTH-OBS-8D797733,LCD panel,Laptop Display Panel,Palghar,Palghar,19.715,72.775,37.56,34.08,ANON-C-43BE155ABC38,,synthetic,2026-07-11T17:38:48.386649Z
SYNTH-OBS-A7D87180,LCD panel,LCD TV Screen Assembly,Nashik,Nashik,20.0,73.83,38.42,2.84,ANON-C-ABACFFF6D917,REC-MH-08,synthetic,2026-07-13T01:10:21.490783Z
SYNTH-OBS-3957EB4C,LCD panel,Laptop Display Panel,Palghar,Palghar,19.695,72.775,36.5,3.44,,,synthetic,2026-07-14T15:39:44.807792Z
SYNTH-OBS-891EAD1B,LCD panel,LCD TV Screen Assembly,Palghar,Palghar,19.71,72.745,42.13,7.77,ANON-C-579DEDBB2E8F,,synthetic,2026-07-15T18:02:14.575510Z
SYNTH-OBS-ADACAE55,LCD panel,Laptop Display Panel,Pune,Pune,18.515,73.865,40.58,27.73,ANON-C-1958A69A2F52,REC-MH-01,synthetic,2026-07-16T19:29:57.814955Z
SYNTH-OBS-03B29CA3,LCD panel,Laptop Display Panel,Thane,Thane,19.245,72.965,43.01,7.08,ANON-C-CDE63FFD1EDA,REC-MH-08,synthetic,2026-07-17T04:57:22.064172Z
SYNTH-OBS-A9C89595,LCD panel,Laptop Display Panel,Palghar,Palghar,19.71,72.78,35.38,2.41,ANON-C-B635D36FC722,,synthetic,2026-07-17T12:46:16.518730Z
SYNTH-OBS-0330901F,LCD panel,Laptop Display Panel,Mumbai,Mumbai,19.115,72.88,41.86,3.91,ANON-C-9C2E731750D8,,synthetic,2026-07-17T13:40:48.036078Z
SYNTH-OBS-98B0178E,LCD panel,LCD TV Screen Assembly,Thane,Thane,19.175,72.975,38.53,33.2,ANON-C-5A502A339E45,,synthetic,2026-07-20T14:37:50.122560Z
SYNTH-OBS-0816FB78,LCD panel,Laptop Display Panel,Thane,Thane,19.22,72.945,42.65,1.14,ANON-C-53A6019F91BC,REC-MH-02,synthetic,2026-07-22T01:56:34.186999Z
SYNTH-OBS-A3153B70,LCD panel,Laptop Display Panel,Nagpur,Nagpur,21.14,79.12,41.22,3.99,,REC-MH-05,synthetic,2026-07-22T11:11:53.967736Z
SYNTH-OBS-473DF0DA,LCD panel,Laptop Display Panel,Thane,Thane,19.19,72.99,41.54,21.62,ANON-C-7888D554403E,REC-MH-04,synthetic,2026-07-27T21:57:13.025716Z
SYNTH-OBS-5042137E,LCD panel,LCD TV Screen Assembly,Palghar,Palghar,19.65,72.805,32.57,4.16,,REC-MH-05,synthetic,2026-07-29T13:24:53.423987Z
SYNTH-OBS-6BBAA6AE,LCD panel,LCD TV Screen Assembly,Pune,Pune,18.53,73.83,41.23,2.28,,,synthetic,2026-07-30T11:13:24.730082Z
SYNTH-OBS-5FEE7F84,LCD panel,LCD TV Screen Assembly,Thane,Thane,19.235,72.985,37.86,13.17,ANON-C-95C934AC1AF9,,synthetic,2026-08-01T11:34:17.353842Z
SYNTH-OBS-EB04B266,LCD panel,LCD TV Screen Assembly,Mumbai,Mumbai,19.085,72.9,44.28,2.92,ANON-C-AD6C45EAD5A0,REC-MH-02,synthetic,2026-08-01T13:24:31.617067Z
SYNTH-OBS-E231EDDA,LCD panel,LCD TV Screen Assembly,Mumbai,Mumbai,19.05,72.885,44.25,3.37,,REC-MH-07,synthetic,2026-08-02T23:56:34.885002Z
SYNTH-OBS-45B77938,LCD panel,Laptop Display Panel,Pune,Pune,18.55,73.835,41.68,12.54,,,synthetic,2026-08-03T07:03:12.285557Z
SYNTH-OBS-E112CC7D,LCD panel,LCD TV Screen Assembly,Pune,Pune,18.525,73.89,41.01,4.07,ANON-C-1C170DE318CA,,synthetic,2026-08-04T01:30:13.951371Z
SYNTH-OBS-4BE03047,LCD panel,LCD TV Screen Assembly,Palghar,Palghar,19.715,72.77,38.8,25.3,ANON-C-B83039601418,REC-MH-04,synthetic,2026-08-04T18:33:18.684485Z
SYNTH-OBS-29004B38,LCD panel,LCD TV Screen Assembly,Nagpur,Nagpur,21.125,79.085,39.28,3.17,ANON-C-E59752FC1270,REC-MH-06,synthetic,2026-08-06T10:50:31.827174Z
SYNTH-OBS-2FEDE29E,LCD panel,Laptop Display Panel,Nagpur,Nagpur,21.165,79.095,35.26,17.8,,,synthetic,2026-08-08T23:12:21.465627Z
SYNTH-OBS-AA6D1BE1,LCD panel,Laptop Display Panel,Nashik,Nashik,19.995,73.78,39.78,3.03,,,synthetic,2026-08-09T09:25:46.592183Z
SYNTH-OBS-109BDA8A,LCD panel,LCD TV Screen Assembly,Nagpur,Nagpur,21.125,79.055,41.85,12.48,,REC-MH-08,synthetic,2026-08-15T00:10:44.096677Z
SYNTH-OBS-5A44775B,LCD panel,LCD TV Screen Assembly,Mumbai,Mumbai,19.065,72.85,42.64,4.01,ANON-C-35BED72E06F9,,synthetic,2026-08-15T06:57:12.911673Z
SYNTH-OBS-69093513,LCD panel,Laptop Display Panel,Nagpur,Nagpur,21.13,79.08,41.12,2.95,,,synthetic,2026-08-16T06:12:08.161326Z
SYNTH-OBS-6347194C,LCD panel,Laptop Display Panel,Nagpur,Nagpur,21.15,79.045,42.84,2.85,ANON-C-35FF1935F937,REC-MH-04,synthetic,2026-08-18T13:27:20.529528Z
SYNTH-OBS-B31CC848,LCD panel,Laptop Display Panel,Pune,Pune,18.505,73.9,41.7,3.82,ANON-C-F4D94DAA6B3A,REC-MH-05,synthetic,2026-08-21T06:30:35.281944Z
SYNTH-OBS-3A6C42B7,LCD panel,Laptop Display Panel,Mumbai,Mumbai,19.06,72.865,40.85,3.55,ANON-C-0A815A4124C7,REC-MH-07,synthetic,2026-08-21T16:39:35.379355Z
SYNTH-OBS-A67F2925,LCD panel,Laptop Display Panel,Nagpur,Nagpur,21.125,79.105,38.66,13.65,ANON-C-3D3BF11F3030,,synthetic,2026-08-23T07:44:45.216519Z
SYNTH-OBS-456805FC,LCD panel,LCD TV Screen Assembly,Palghar,Palghar,19.695,72.785,43.85,12.69,ANON-C-7666F86A434D,REC-MH-08,synthetic,2026-08-23T08:55:24.311929Z
SYNTH-OBS-8DE06B82,LCD panel,Laptop Display Panel,Palghar,Palghar,19.725,72.76,40.16,6.9,,REC-MH-02,synthetic,2026-08-24T16:38:23.884372Z
SYNTH-OBS-191B5A3D,LCD panel,LCD TV Screen Assembly,Thane,Thane,19.26,72.995,44.78,22.63,ANON-C-3A6BE2571974,REC-MH-06,synthetic,2026-08-26T11:41:29.741533Z
SYNTH-OBS-221C8EC4,LCD panel,LCD TV Screen Assembly,Pune,Pune,18.53,73.865,42.9,15.4,,,synthetic,2026-08-27T04:26:46.501769Z
SYNTH-OBS-F1AEE1E0,LCD panel,Laptop Display Panel,Nashik,Nashik,19.995,73.775,45.11,10.23,ANON-C-5D9BB50B4A19,,synthetic,2026-08-27T06:11:04.475056Z
SYNTH-OBS-7372ED37,LCD panel,LCD TV Screen Assembly,Mumbai,Mumbai,19.07,72.875,48.39,1.63,ANON-C-6518A1BFEB8D,REC-MH-04,synthetic,2026-08-27T15:24:31.222600Z
SYNTH-OBS-9A029B9A,LCD panel,Laptop Display Panel,Palghar,Palghar,19.67,72.78,39.49,3.86,ANON-C-CC4911229054,,synthetic,2026-08-27T23:02:15.072467Z
SYNTH-OBS-F285D147,LCD panel,Laptop Display Panel,Nagpur,Nagpur,21.15,79.12,42.18,3.39,,,synthetic,2026-08-31T12:57:07.443762Z
SYNTH-OBS-044E4210,LCD panel,Laptop Display Panel,Pune,Pune,18.525,73.855,47.63,9.03,,,synthetic,2026-09-01T06:26:10.740515Z
SYNTH-OBS-56A83DF4,LCD panel,Laptop Display Panel,Palghar,Palghar,19.695,72.76,45.24,22.24,ANON-C-C97F2E0F3D8E,REC-MH-02,synthetic,2026-09-01T10:16:49.368238Z
SYNTH-OBS-DA0A22F0,LCD panel,LCD TV Screen Assembly,Pune,Pune,18.575,73.87,47.43,21.92,,REC-MH-03,synthetic,2026-09-02T23:30:38.192881Z
SYNTH-OBS-83E656B8,LCD panel,Laptop Display Panel,Nagpur,Nagpur,21.15,79.1,38.89,3.37,,REC-MH-07,synthetic,2026-09-03T08:09:48.351012Z
SYNTH-OBS-9EACC163,LCD panel,LCD TV Screen Assembly,Pune,Pune,18.49,73.83,47.06,1.98,ANON-C-09D9633BB97A,,synthetic,2026-09-03T08:16:13.320251Z
SYNTH-OBS-CF962CB4,LCD panel,Laptop Display Panel,Mumbai,Mumbai,19.1,72.89,45.69,3.28,,REC-MH-03,synthetic,2026-09-06T02:01:32.351466Z
SYNTH-OBS-093E5C37,LCD panel,LCD TV Screen Assembly,Mumbai,Mumbai,19.035,72.855,46.06,3.2,,,synthetic,2026-09-07T12:35:36.224525Z
SYNTH-OBS-6020F391,LCD panel,Laptop Display Panel,Thane,Thane,19.275,72.94,46.27,14.49,,,synthetic,2026-09-08T00:26:31.748233Z
SYNTH-OBS-315FBE65,LCD panel,Laptop Display Panel,Thane,Thane,19.225,72.96,47.8,9.49,ANON-C-A4A97C24C7D0,REC-MH-09,synthetic,2026-09-08T04:09:50.951364Z
SYNTH-OBS-A830D953,LCD panel,LCD TV Screen Assembly,Thane,Thane,19.23,72.995,48.59,8.98,ANON-C-8F04B3A01C42,,synthetic,2026-09-09T16:42:23.802288Z
SYNTH-OBS-4C03BBED,LCD panel,Laptop Display Panel,Palghar,Palghar,19.675,72.795,37.67,3.63,ANON-C-50FDDC7CAA0A,REC-MH-07,synthetic,2026-09-09T23:35:17.363696Z
SYNTH-OBS-24FF824B,LCD panel,Laptop Display Panel,Nashik,Nashik,20.025,73.795,43.2,15.79,ANON-C-887D03AF280C,,synthetic,2026-09-13T06:37:31.723849Z
SYNTH-OBS-E2767813,LCD panel,Laptop Display Panel,Palghar,Palghar,19.715,72.785,42.28,7.92,ANON-C-30FE2B63B000,REC-MH-05,synthetic,2026-09-14T21:41:22.082221Z
SYNTH-OBS-947A95E3,LCD panel,LCD TV Screen Assembly,Mumbai,Mumbai,19.075,72.885,46.05,33.94,,REC-MH-08,synthetic,2026-09-16T12:00:50.740904Z
SYNTH-OBS-2A0E200F,LCD panel,Laptop Display Panel,Pune,Pune,18.52,73.82,43.87,12.21,,,synthetic,2026-09-16T14:26:10.395768Z
SYNTH-OBS-A24C09E0,LCD panel,LCD TV Screen Assembly,Pune,Pune,18.505,73.835,44.0,3.07,ANON-C-5757DE9D46A8,,synthetic,2026-09-17T15:42:44.742585Z
SYNTH-OBS-140B74DA,LCD panel,Laptop Display Panel,Palghar,Palghar,19.71,72.79,38.37,4.07,ANON-C-4B88F2527F29,REC-MH-07,synthetic,2026-09-17T17:50:42.448509Z
SYNTH-OBS-3A4A7BF9,LCD panel,LCD TV Screen Assembly,Pune,Pune,18.51,73.85,46.32,3.59,,REC-MH-02,synthetic,2026-09-18T14:59:52.467492Z
SYNTH-OBS-76086919,LCD panel,Laptop Display Panel,Nashik,Nashik,19.995,73.795,48.18,22.37,ANON-C-4F5FD9DC2877,,synthetic,2026-09-19T05:08:42.164735Z
SYNTH-OBS-37726880,LCD panel,Laptop Display Panel,Nagpur,Nagpur,21.15,79.13,43.45,28.88,,REC-MH-02,synthetic,2026-09-20T09:12:47.831499Z
SYNTH-OBS-BB2F767C,LCD panel,LCD TV Screen Assembly,Thane,Thane,19.185,72.97,49.36,24.64,ANON-C-E92A7688D355,,synthetic,2026-09-21T07:15:01.111216Z
SYNTH-OBS-DBB3EDFC,LCD panel,LCD TV Screen Assembly,Thane,Thane,19.23,72.95,48.43,22.36,,REC-MH-06,synthetic,2026-09-22T16:38:47.294371Z
SYNTH-OBS-8BC6D263,LCD panel,LCD TV Screen Assembly,Mumbai,Mumbai,19.115,72.895,47.7,29.2,,,synthetic,2026-09-23T07:55:37.202425Z
SYNTH-OBS-79E4468B,CRT,CRT Television Glass Casing,Thane,Thane,19.175,72.94,10.96,15.78,,,synthetic,2026-06-28T09:41:14.117090Z
SYNTH-OBS-2F03DDC2,CRT,CRT Monitor,Nashik,Nashik,20.005,73.785,11.15,4.39,ANON-C-E75819CBC42C,REC-MH-07,synthetic,2026-06-30T09:51:05.906185Z
SYNTH-OBS-D6E1D680,CRT,CRT Monitor,Pune,Pune,18.515,73.82,11.18,6.68,,REC-MH-05,synthetic,2026-07-01T12:30:01.438555Z
SYNTH-OBS-626F61FE,CRT,CRT Monitor,Pune,Pune,18.52,73.88,12.22,16.7,,,synthetic,2026-07-04T10:55:22.406177Z
SYNTH-OBS-FBF5D2D9,CRT,CRT Television Glass Casing,Palghar,Palghar,19.71,72.76,8.9,15.69,,REC-MH-07,synthetic,2026-07-07T04:26:04.288091Z
SYNTH-OBS-16979776,CRT,CRT Monitor,Pune,Pune,18.54,73.895,12.54,32.84,ANON-C-D20FDA77AABD,REC-MH-01,synthetic,2026-07-07T21:21:58.512070Z
SYNTH-OBS-8B302AB9,CRT,CRT Television Glass Casing,Nagpur,Nagpur,21.165,79.05,10.23,15.1,ANON-C-6F1036A1FE48,,synthetic,2026-07-09T14:08:21.797897Z
SYNTH-OBS-7AAC8260,CRT,CRT Monitor,Palghar,Palghar,19.675,72.785,8.89,22.22,ANON-C-2B3C983F0178,REC-MH-02,synthetic,2026-07-10T19:10:05.083774Z
SYNTH-OBS-FE821710,CRT,CRT Monitor,Pune,Pune,18.525,73.85,11.82,16.08,ANON-C-617B2EA4C09C,REC-MH-02,synthetic,2026-07-11T00:51:01.951732Z
SYNTH-OBS-9A2F3165,CRT,CRT Television Glass Casing,Pune,Pune,18.53,73.85,11.88,17.85,ANON-C-8CA4CB17A940,REC-MH-04,synthetic,2026-07-11T07:14:15.501742Z
SYNTH-OBS-B23086BC,CRT,CRT Monitor,Thane,Thane,19.205,73.01,10.34,1.01,,,synthetic,2026-07-13T18:13:22.228172Z
SYNTH-OBS-CAA3AF56,CRT,CRT Monitor,Nashik,Nashik,20.015,73.765,11.23,4.04,,,synthetic,2026-07-16T18:42:31.955208Z
SYNTH-OBS-F36E93A0,CRT,CRT Monitor,Nashik,Nashik,19.99,73.795,11.72,12.36,ANON-C-0241A5B7DA1F,,synthetic,2026-07-17T02:34:56.292523Z
SYNTH-OBS-B1083209,CRT,CRT Monitor,Nashik,Nashik,19.995,73.785,11.13,12.32,,REC-MH-08,synthetic,2026-07-18T08:03:58.305439Z
SYNTH-OBS-371DD68E,CRT,CRT Television Glass Casing,Nashik,Nashik,20.025,73.765,11.18,18.99,ANON-C-F1CA49F61886,,synthetic,2026-07-20T09:06:14.842881Z
SYNTH-OBS-4B41A770,CRT,CRT Monitor,Pune,Pune,18.54,73.835,11.75,28.53,ANON-C-A9903DE18795,,synthetic,2026-07-21T06:42:23.700651Z
SYNTH-OBS-C046CD2D,CRT,CRT Monitor,Palghar,Palghar,19.7,72.795,11.24,18.25,ANON-C-39A7AFF84DB8,REC-MH-09,synthetic,2026-07-21T21:40:03.583107Z
SYNTH-OBS-C465F584,CRT,CRT Television Glass Casing,Pune,Pune,18.52,73.845,12.62,14.29,ANON-C-2BD997948674,REC-MH-01,synthetic,2026-07-22T00:48:08.069558Z
SYNTH-OBS-0F011C5C,CRT,CRT Monitor,Pune,Pune,18.505,73.865,11.11,23.52,ANON-C-1C170DE318CA,REC-MH-06,synthetic,2026-07-24T02:12:58.066868Z
SYNTH-OBS-68279A5D,CRT,CRT Television Glass Casing,Thane,Thane,19.21,72.97,11.16,30.74,ANON-C-797FA7C85C42,,synthetic,2026-07-25T21:45:04.855097Z
SYNTH-OBS-DF1FAF11,CRT,CRT Television Glass Casing,Nashik,Nashik,20.015,73.785,11.1,22.33,,REC-MH-02,synthetic,2026-07-26T07:56:42.920851Z
SYNTH-OBS-00252FAB,CRT,CRT Television Glass Casing,Nagpur,Nagpur,21.155,79.09,10.56,6.07,,REC-MH-08,synthetic,2026-07-26T20:54:55.950977Z
SYNTH-OBS-4A22E2F6,CRT,CRT Monitor,Palghar,Palghar,19.7,72.735,11.45,7.28,,,synthetic,2026-07-27T05:01:43.394006Z
SYNTH-OBS-96BF7D5C,CRT,CRT Television Glass Casing,Thane,Thane,19.225,72.95,12.09,11.31,,,synthetic,2026-07-28T18:42:14.954289Z
SYNTH-OBS-DC3FBA91,CRT,CRT Monitor,Nagpur,Nagpur,21.11,79.075,11.25,28.52,,REC-MH-07,synthetic,2026-07-28T19:15:54.035226Z
SYNTH-OBS-38C04724,CRT,CRT Television Glass Casing,Thane,Thane,19.215,72.975,12.01,16.62,ANON-C-02FC500C98D1,REC-MH-06,synthetic,2026-07-29T00:41:34.218135Z
SYNTH-OBS-0EB20AFF,CRT,CRT Monitor,Nagpur,Nagpur,21.155,79.065,12.83,33.39,,REC-MH-08,synthetic,2026-07-29T21:59:17.928819Z
SYNTH-OBS-45E6AAB6,CRT,CRT Monitor,Thane,Thane,19.225,73.04,10.41,15.76,,REC-MH-02,synthetic,2026-07-30T11:42:27.356338Z
SYNTH-OBS-91784DF5,CRT,CRT Monitor,Mumbai,Mumbai,19.08,72.875,12.93,34.72,ANON-C-58427D0EA0C1,REC-MH-05,synthetic,2026-07-30T22:28:03.459116Z
SYNTH-OBS-E823AB8E,CRT,CRT Television Glass Casing,Palghar,Palghar,19.705,72.71,11.06,30.54,ANON-C-D08BFE4762F3,REC-MH-05,synthetic,2026-07-31T10:22:25.139108Z
SYNTH-OBS-0D4A753A,CRT,CRT Monitor,Pune,Pune,18.535,73.85,12.73,26.85,ANON-C-D9520B4DA400,REC-MH-08,synthetic,2026-08-01T21:06:50.829530Z
SYNTH-OBS-0768B87B,CRT,CRT Television Glass Casing,Pune,Pune,18.52,73.875,10.74,11.25,,,synthetic,2026-08-02T12:22:29.460025Z
SYNTH-OBS-DFEC5300,CRT,CRT Monitor,Pune,Pune,18.545,73.84,11.77,31.23,,REC-MH-06,synthetic,2026-08-04T09:59:02.958316Z
SYNTH-OBS-80ADCD62,CRT,CRT Monitor,Nashik,Nashik,20.02,73.79,10.94,15.75,ANON-C-D25611C45DF6,REC-MH-03,synthetic,2026-08-06T15:27:55.093754Z
SYNTH-OBS-BCB5A21D,CRT,CRT Television Glass Casing,Nashik,Nashik,20.01,73.795,11.3,16.27,ANON-C-ED7BEF0ACF42,,synthetic,2026-08-07T00:21:37.522705Z
SYNTH-OBS-5C501E8E,CRT,CRT Television Glass Casing,Thane,Thane,19.185,72.975,12.13,33.46,ANON-C-649B2D4C17C5,,synthetic,2026-08-09T16:40:38.205649Z
SYNTH-OBS-E60F2C67,CRT,CRT Television Glass Casing,Mumbai,Mumbai,19.08,72.875,13.73,25.59,ANON-C-22F577902494,,synthetic,2026-08-10T00:26:17.435768Z
SYNTH-OBS-DA502F17,CRT,CRT Monitor,Thane,Thane,19.21,72.975,12.22,25.63,ANON-C-B3242E146DF0,REC-MH-09,synthetic,2026-08-13T20:12:39.922553Z
SYNTH-OBS-04895CE0,CRT,CRT Monitor,Palghar,Palghar,19.69,72.765,10.11,8.81,ANON-C-C16ECA2DBFA4,,synthetic,2026-08-14T14:55:37.087709Z
SYNTH-OBS-3FD3A505,CRT,CRT Monitor,Pune,Pune,18.55,73.83,12.24,2.33,,REC-MH-01,synthetic,2026-08-15T04:06:37.726637Z
SYNTH-OBS-56672074,CRT,CRT Monitor,Mumbai,Mumbai,19.1,72.88,12.05,25.9,ANON-C-559BEA8E7EFF,,synthetic,2026-08-16T08:27:48.076332Z
SYNTH-OBS-238BA920,CRT,CRT Monitor,Nagpur,Nagpur,21.175,79.09,11.87,22.66,,REC-MH-09,synthetic,2026-08-18T04:05:30.215944Z
SYNTH-OBS-E024DD91,CRT,CRT Monitor,Nagpur,Nagpur,21.15,79.095,10.89,16.37,,REC-MH-09,synthetic,2026-08-18T09:44:26.132867Z
SYNTH-OBS-D8F54783,CRT,CRT Television Glass Casing,Pune,Pune,18.53,73.825,12.58,7.9,ANON-C-831EC18E1D8C,REC-MH-04,synthetic,2026-08-18T19:13:56.360719Z
SYNTH-OBS-F126B2E3,CRT,CRT Television Glass Casing,Palghar,Palghar,19.735,72.765,12.66,34.75,ANON-C-3F1AF1FF7DFB,,synthetic,2026-08-24T16:05:18.683463Z
SYNTH-OBS-8172F537,CRT,CRT Television Glass Casing,Pune,Pune,18.565,73.875,12.28,32.57,ANON-C-1B0AE6C3ADBB,REC-MH-02,synthetic,2026-08-26T08:28:52.189219Z
SYNTH-OBS-30AAB947,CRT,CRT Television Glass Casing,Nashik,Nashik,20.02,73.795,12.1,3.3,ANON-C-08AB10DEA227,REC-MH-03,synthetic,2026-08-26T18:07:01.453798Z
SYNTH-OBS-DC14FE24,CRT,CRT Television Glass Casing,Nashik,Nashik,19.985,73.77,11.29,11.21,,REC-MH-08,synthetic,2026-08-28T22:33:37.210083Z
SYNTH-OBS-BF0C4253,CRT,CRT Monitor,Nagpur,Nagpur,21.125,79.1,13.41,12.32,ANON-C-36383136EF7A,,synthetic,2026-08-29T17:35:17.675914Z
SYNTH-OBS-5E8E02BC,CRT,CRT Television Glass Casing,Pune,Pune,18.515,73.845,13.44,15.94,ANON-C-D6C6FB2428B1,,synthetic,2026-09-05T06:17:53.867939Z
SYNTH-OBS-2E95C3E4,CRT,CRT Monitor,Nashik,Nashik,19.995,73.79,12.49,7.85,,REC-MH-06,synthetic,2026-09-05T14:23:17.092806Z
SYNTH-OBS-2905860A,CRT,CRT Television Glass Casing,Thane,Thane,19.205,72.96,12.13,16.14,,REC-MH-04,synthetic,2026-09-05T18:34:04.413351Z
SYNTH-OBS-569DB71E,CRT,CRT Monitor,Nagpur,Nagpur,21.15,79.075,12.33,9.83,ANON-C-887D03AF280C,,synthetic,2026-09-06T07:47:24.872186Z
SYNTH-OBS-8EAAE74C,CRT,CRT Television Glass Casing,Thane,Thane,19.205,72.995,12.96,30.62,,REC-MH-07,synthetic,2026-09-07T07:56:17.097120Z
SYNTH-OBS-7BEFEE2F,CRT,CRT Television Glass Casing,Pune,Pune,18.5,73.88,13.5,4.09,ANON-C-B9C431DE161A,,synthetic,2026-09-09T01:07:05.170841Z
SYNTH-OBS-1C0B68D0,CRT,CRT Monitor,Pune,Pune,18.5,73.85,13.08,12.42,ANON-C-65B7E529B8FA,REC-MH-08,synthetic,2026-09-12T22:02:01.282256Z
SYNTH-OBS-64B969F4,CRT,CRT Monitor,Thane,Thane,19.23,72.97,13.41,26.88,ANON-C-AE5BA24D1CC1,,synthetic,2026-09-14T17:11:54.593993Z
SYNTH-OBS-FF526EB1,CRT,CRT Television Glass Casing,Pune,Pune,18.465,73.88,12.18,26.24,ANON-C-616F65BD3B88,REC-MH-05,synthetic,2026-09-16T01:39:30.894116Z
SYNTH-OBS-12C677ED,CRT,CRT Monitor,Mumbai,Mumbai,19.085,72.855,13.3,13.37,ANON-C-BA99BD7CE48D,,synthetic,2026-09-20T09:47:46.904148Z
SYNTH-OBS-10569792,CRT,CRT Television Glass Casing,Thane,Thane,19.235,72.985,14.19,5.98,,REC-MH-04,synthetic,2026-09-20T12:23:41.987228Z
SYNTH-OBS-13A38E1E,CRT,CRT Television Glass Casing,Pune,Pune,18.5,73.85,13.84,12.11,ANON-C-A901816B27F4,,synthetic,2026-09-22T06:56:52.828434Z
SYNTH-OBS-B5E0A7E7,batteries (lead-acid),Two-Wheeler Dry Battery,Mumbai,Mumbai,19.06,72.865,91.24,29.21,ANON-C-ABF088A85E71,REC-MH-03,synthetic,2026-06-29T00:56:29.278077Z
SYNTH-OBS-91E25120,batteries (lead-acid),UPS/Inverter Heavy Battery,Nagpur,Nagpur,21.15,79.095,78.77,15.18,,REC-MH-09,synthetic,2026-06-29T16:44:48.594216Z
SYNTH-OBS-6EF1BAEA,batteries (lead-acid),UPS/Inverter Heavy Battery,Pune,Pune,18.54,73.905,89.82,23.29,,,synthetic,2026-07-04T11:19:33.807458Z
SYNTH-OBS-E3274795,batteries (lead-acid),UPS/Inverter Heavy Battery,Mumbai,Mumbai,19.06,72.91,92.95,1.15,,,synthetic,2026-07-05T00:44:09.579399Z
SYNTH-OBS-24109551,batteries (lead-acid),Two-Wheeler Dry Battery,Mumbai,Mumbai,19.08,72.9,90.28,31.62,ANON-C-35BED72E06F9,REC-MH-02,synthetic,2026-07-09T22:18:50.216727Z
SYNTH-OBS-D54BC14D,batteries (lead-acid),Two-Wheeler Dry Battery,Nashik,Nashik,19.985,73.76,81.08,14.17,ANON-C-B6D498151795,,synthetic,2026-07-11T03:21:24.500562Z
SYNTH-OBS-5CC67508,batteries (lead-acid),UPS/Inverter Heavy Battery,Mumbai,Mumbai,19.07,72.845,87.98,2.55,ANON-C-F90307A3F009,,synthetic,2026-07-15T00:55:53.372128Z
SYNTH-OBS-9845A356,batteries (lead-acid),UPS/Inverter Heavy Battery,Nagpur,Nagpur,21.14,79.05,79.89,14.16,,,synthetic,2026-07-16T16:45:45.230696Z
SYNTH-OBS-F0510658,batteries (lead-acid),UPS/Inverter Heavy Battery,Pune,Pune,18.555,73.83,88.46,11.18,ANON-C-EF6BE9B39F94,REC-MH-01,synthetic,2026-07-16T17:35:56.701170Z
SYNTH-OBS-0A0D65C1,batteries (lead-acid),UPS/Inverter Heavy Battery,Palghar,Palghar,19.72,72.765,80.32,32.25,ANON-C-ED7BEF0ACF42,,synthetic,2026-07-17T15:52:22.973966Z
SYNTH-OBS-3DD2F3C7,batteries (lead-acid),Two-Wheeler Dry Battery,Mumbai,Mumbai,19.09,72.81,87.59,14.66,,REC-MH-07,synthetic,2026-07-17T21:47:54.929074Z
SYNTH-OBS-2FCE846F,batteries (lead-acid),UPS/Inverter Heavy Battery,Mumbai,Mumbai,19.075,72.885,85.19,19.64,,REC-MH-07,synthetic,2026-07-18T08:44:16.497477Z
SYNTH-OBS-2282D530,batteries (lead-acid),UPS/Inverter Heavy Battery,Nashik,Nashik,20.005,73.745,83.34,22.6,ANON-C-A56A4275387A,REC-MH-06,synthetic,2026-07-18T21:40:50.708050Z
SYNTH-OBS-B6FACB65,batteries (lead-acid),UPS/Inverter Heavy Battery,Pune,Pune,18.52,73.865,87.05,5.97,,,synthetic,2026-07-24T13:38:10.397089Z
SYNTH-OBS-D3835B0F,batteries (lead-acid),UPS/Inverter Heavy Battery,Pune,Pune,18.52,73.85,81.23,17.55,,,synthetic,2026-07-24T14:22:39.891405Z
SYNTH-OBS-7E8AACFD,batteries (lead-acid),Two-Wheeler Dry Battery,Nagpur,Nagpur,21.16,79.11,80.9,15.87,ANON-C-1FD966C75123,,synthetic,2026-07-25T12:44:40.120558Z
SYNTH-OBS-ADA65028,batteries (lead-acid),Two-Wheeler Dry Battery,Nashik,Nashik,20.03,73.775,80.3,28.6,ANON-C-559BEA8E7EFF,,synthetic,2026-07-31T02:23:54.546857Z
SYNTH-OBS-8AAD697E,batteries (lead-acid),UPS/Inverter Heavy Battery,Thane,Thane,19.2,73.0,85.18,23.41,ANON-C-567F62787006,,synthetic,2026-08-01T15:45:17.997675Z
SYNTH-OBS-69E1FFDB,batteries (lead-acid),Two-Wheeler Dry Battery,Palghar,Palghar,19.67,72.795,76.64,12.93,ANON-C-95FA921D19AA,,synthetic,2026-08-06T10:19:44.727269Z
SYNTH-OBS-5DE1B00F,batteries (lead-acid),UPS/Inverter Heavy Battery,Mumbai,Mumbai,19.085,72.88,91.2,21.57,,,synthetic,2026-08-08T02:02:33.492764Z
SYNTH-OBS-97171F8A,batteries (lead-acid),Two-Wheeler Dry Battery,Nagpur,Nagpur,21.115,79.06,88.18,16.47,ANON-C-02FC500C98D1,,synthetic,2026-08-14T01:44:15.074639Z
SYNTH-OBS-19B1D190,batteries (lead-acid),Two-Wheeler Dry Battery,Nagpur,Nagpur,21.14,79.12,85.94,23.7,ANON-C-EB8E1740442D,,synthetic,2026-08-15T11:34:36.706260Z
SYNTH-OBS-9D142A9B,batteries (lead-acid),UPS/Inverter Heavy Battery,Nashik,Nashik,20.02,73.825,79.41,10.43,ANON-C-38872EEEF389,REC-MH-05,synthetic,2026-08-16T03:50:31.175892Z
SYNTH-OBS-F0A770A6,batteries (lead-acid),Two-Wheeler Dry Battery,Pune,Pune,18.53,73.885,91.49,16.06,ANON-C-E9A416BBA0A7,REC-MH-04,synthetic,2026-08-16T15:07:46.466479Z
SYNTH-OBS-6B12959A,batteries (lead-acid),UPS/Inverter Heavy Battery,Nagpur,Nagpur,21.165,79.06,90.79,24.75,ANON-C-87F5B42A4241,,synthetic,2026-08-19T03:01:08.210423Z
SYNTH-OBS-9716D4D6,batteries (lead-acid),Two-Wheeler Dry Battery,Nagpur,Nagpur,21.175,79.095,83.57,22.54,ANON-C-DEEC9DA7919C,,synthetic,2026-08-19T19:26:13.168766Z
SYNTH-OBS-6AD96DB7,batteries (lead-acid),UPS/Inverter Heavy Battery,Mumbai,Mumbai,19.045,72.89,90.23,15.8,ANON-C-50B644ABCFDD,REC-MH-03,synthetic,2026-08-25T15:04:22.129399Z
SYNTH-OBS-745A25BC,batteries (lead-acid),UPS/Inverter Heavy Battery,Thane,Thane,19.245,73.01,87.53,14.56,ANON-C-39958FFCF199,REC-MH-06,synthetic,2026-08-25T16:11:58.011897Z
SYNTH-OBS-BE424467,batteries (lead-acid),UPS/Inverter Heavy Battery,Nagpur,Nagpur,21.175,79.04,85.85,14.18,,REC-MH-05,synthetic,2026-08-27T21:07:40.677786Z
SYNTH-OBS-1C32EBA7,batteries (lead-acid),UPS/Inverter Heavy Battery,Nagpur,Nagpur,21.145,79.08,89.83,26.03,ANON-C-CF005E6C1228,,synthetic,2026-08-30T08:20:58.106090Z
SYNTH-OBS-AB03A495,batteries (lead-acid),UPS/Inverter Heavy Battery,Nashik,Nashik,20.035,73.81,92.98,34.83,,,synthetic,2026-09-01T06:53:55.292842Z
SYNTH-OBS-06810E4B,batteries (lead-acid),UPS/Inverter Heavy Battery,Nashik,Nashik,19.975,73.825,83.75,13.61,ANON-C-1BC5EFFE26D9,,synthetic,2026-09-01T17:49:06.254534Z
SYNTH-OBS-463177C3,batteries (lead-acid),Two-Wheeler Dry Battery,Mumbai,Mumbai,19.075,72.86,100.29,6.34,,,synthetic,2026-09-03T00:38:54.144706Z
SYNTH-OBS-05E5C5E8,batteries (lead-acid),Two-Wheeler Dry Battery,Nagpur,Nagpur,21.145,79.125,88.57,4.9,,,synthetic,2026-09-04T06:49:11.906700Z
SYNTH-OBS-0AAF66C3,batteries (lead-acid),UPS/Inverter Heavy Battery,Palghar,Palghar,19.68,72.76,87.95,32.63,,REC-MH-04,synthetic,2026-09-05T14:54:45.167091Z
SYNTH-OBS-7E0F92AD,batteries (lead-acid),Two-Wheeler Dry Battery,Palghar,Palghar,19.685,72.765,86.49,25.82,,REC-MH-01,synthetic,2026-09-06T11:33:17.231618Z
SYNTH-OBS-42F26D64,batteries (lead-acid),Two-Wheeler Dry Battery,Palghar,Palghar,19.73,72.78,82.58,11.54,,REC-MH-08,synthetic,2026-09-07T03:34:43.863102Z
SYNTH-OBS-1004C57C,batteries (lead-acid),UPS/Inverter Heavy Battery,Nagpur,Nagpur,21.15,79.105,93.07,31.87,,REC-MH-09,synthetic,2026-09-07T08:11:25.764385Z
SYNTH-OBS-B069D282,batteries (lead-acid),UPS/Inverter Heavy Battery,Nagpur,Nagpur,21.135,79.13,89.01,15.49,,,synthetic,2026-09-09T00:42:43.122373Z
SYNTH-OBS-CB4B44C6,batteries (lead-acid),Two-Wheeler Dry Battery,Pune,Pune,18.49,73.855,92.27,16.81,ANON-C-D033149F7510,,synthetic,2026-09-09T10:33:34.413995Z
SYNTH-OBS-B1BE77B8,batteries (lead-acid),UPS/Inverter Heavy Battery,Pune,Pune,18.525,73.845,97.02,19.43,ANON-C-9C2E731750D8,REC-MH-02,synthetic,2026-09-10T03:37:50.592481Z
SYNTH-OBS-44C15030,batteries (lead-acid),UPS/Inverter Heavy Battery,Pune,Pune,18.485,73.85,94.73,32.3,ANON-C-0502776FF9B8,REC-MH-03,synthetic,2026-09-11T15:55:25.960264Z
SYNTH-OBS-B447F7B4,batteries (lead-acid),Two-Wheeler Dry Battery,Thane,Thane,19.215,73.0,98.95,21.27,ANON-C-6460E84C091D,REC-MH-05,synthetic,2026-09-12T09:56:44.214409Z
SYNTH-OBS-C29FEBC7,batteries (lead-acid),Two-Wheeler Dry Battery,Thane,Thane,19.225,73.0,98.33,10.16,ANON-C-F70C3C7D8623,,synthetic,2026-09-13T04:44:33.612349Z
SYNTH-OBS-92C49D1B,batteries (lead-acid),UPS/Inverter Heavy Battery,Nagpur,Nagpur,21.145,79.085,94.45,4.97,,REC-MH-04,synthetic,2026-09-15T04:24:49.139318Z
SYNTH-OBS-92B7B0C8,batteries (lead-acid),UPS/Inverter Heavy Battery,Mumbai,Mumbai,19.08,72.885,106.79,20.77,ANON-C-8BBF26E653B7,,synthetic,2026-09-16T22:01:12.569487Z
SYNTH-OBS-5D679321,batteries (lead-acid),UPS/Inverter Heavy Battery,Thane,Thane,19.25,72.985,98.52,6.72,ANON-C-56FF8CCB10C2,REC-MH-08,synthetic,2026-09-17T20:26:48.637284Z
SYNTH-OBS-73731A33,batteries (lead-acid),UPS/Inverter Heavy Battery,Nashik,Nashik,20.02,73.77,86.02,16.14,,REC-MH-07,synthetic,2026-09-17T23:44:02.457646Z
SYNTH-OBS-D16ADDAF,batteries (lead-acid),UPS/Inverter Heavy Battery,Mumbai,Mumbai,19.06,72.84,100.15,25.01,ANON-C-E3478CF0D2A8,,synthetic,2026-09-22T08:02:17.648823Z
SYNTH-OBS-5EF33698,batteries (lead-acid),UPS/Inverter Heavy Battery,Pune,Pune,18.535,73.86,100.46,1.22,ANON-C-203DA18B9845,REC-MH-01,synthetic,2026-09-25T06:35:34.221195Z
SYNTH-OBS-21E5F209,batteries (Li-ion),Smartphone Pouch Cell,Thane,Thane,19.21,72.965,113.71,12.71,ANON-C-126CA8DA8943,REC-MH-03,synthetic,2026-06-29T18:40:30.631149Z
SYNTH-OBS-BB8EB832,batteries (Li-ion),Laptop 18650 Battery Pack,Nagpur,Nagpur,21.12,79.115,124.89,14.21,ANON-C-38740CF9B7FD,REC-MH-05,synthetic,2026-07-01T00:41:26.858067Z
SYNTH-OBS-D9C2E8E9,batteries (Li-ion),Smartphone Pouch Cell,Pune,Pune,18.545,73.855,127.63,3.85,ANON-C-7F4E658148DC,,synthetic,2026-07-04T12:48:19.781078Z
SYNTH-OBS-68728A60,batteries (Li-ion),Smartphone Pouch Cell,Pune,Pune,18.525,73.87,126.04,9.68,,REC-MH-05,synthetic,2026-07-05T03:18:16.994801Z
SYNTH-OBS-EFDAD1F4,batteries (Li-ion),Laptop 18650 Battery Pack,Pune,Pune,18.505,73.86,121.32,21.01,,REC-MH-01,synthetic,2026-07-06T07:50:56.301216Z
SYNTH-OBS-21C17843,batteries (Li-ion),Laptop 18650 Battery Pack,Nashik,Nashik,20.01,73.77,116.91,5.61,ANON-C-61B22EAD04D4,,synthetic,2026-07-09T05:53:13.988401Z
SYNTH-OBS-C453EC81,batteries (Li-ion),Smartphone Pouch Cell,Thane,Thane,19.245,72.975,116.28,20.79,,REC-MH-07,synthetic,2026-07-11T20:41:58.818089Z
SYNTH-OBS-88AA4BEF,batteries (Li-ion),Laptop 18650 Battery Pack,Palghar,Palghar,19.715,72.76,102.94,31.13,,,synthetic,2026-07-12T01:53:07.329831Z
SYNTH-OBS-02A72D53,batteries (Li-ion),Laptop 18650 Battery Pack,Thane,Thane,19.235,72.97,119.9,34.61,ANON-C-5DC1270E47B9,,synthetic,2026-07-12T02:18:37.747999Z
SYNTH-OBS-3BDACE47,batteries (Li-ion),Smartphone Pouch Cell,Pune,Pune,18.525,73.875,121.33,23.85,,REC-MH-08,synthetic,2026-07-13T01:58:42.401930Z
SYNTH-OBS-A29E55EF,batteries (Li-ion),Laptop 18650 Battery Pack,Mumbai,Mumbai,19.045,72.9,127.25,23.88,ANON-C-890E1243266E,,synthetic,2026-07-16T03:08:32.435652Z
SYNTH-OBS-35B7911E,batteries (Li-ion),Laptop 18650 Battery Pack,Thane,Thane,19.225,73.0,121.6,20.95,,,synthetic,2026-07-19T02:52:23.158877Z
SYNTH-OBS-EB1F34CF,batteries (Li-ion),Laptop 18650 Battery Pack,Nashik,Nashik,19.95,73.765,112.66,8.46,ANON-C-EDF88E1886DF,,synthetic,2026-07-20T00:22:53.581427Z
SYNTH-OBS-45A43607,batteries (Li-ion),Laptop 18650 Battery Pack,Pune,Pune,18.5,73.84,120.43,21.1,ANON-C-626A5E1CED17,REC-MH-08,synthetic,2026-07-20T22:55:34.458631Z
SYNTH-OBS-F41C923B,batteries (Li-ion),Smartphone Pouch Cell,Palghar,Palghar,19.705,72.745,115.58,23.6,,REC-MH-07,synthetic,2026-07-24T03:29:07.207256Z
SYNTH-OBS-ABD4C739,batteries (Li-ion),Laptop 18650 Battery Pack,Nashik,Nashik,20.01,73.77,105.67,13.0,ANON-C-8410BA9B738F,REC-MH-01,synthetic,2026-07-28T11:48:30.437374Z
SYNTH-OBS-8197BD83,batteries (Li-ion),Smartphone Pouch Cell,Nagpur,Nagpur,21.1,79.1,120.33,20.14,,REC-MH-09,synthetic,2026-07-29T04:44:01.289398Z
SYNTH-OBS-5AF53F8F,batteries (Li-ion),Smartphone Pouch Cell,Nashik,Nashik,20.02,73.815,115.17,0.12,ANON-C-E7EE376FB438,REC-MH-01,synthetic,2026-07-29T09:24:17.837050Z
SYNTH-OBS-09CE6402,batteries (Li-ion),Laptop 18650 Battery Pack,Nagpur,Nagpur,21.135,79.095,110.84,13.08,,REC-MH-08,synthetic,2026-08-01T21:26:51.532670Z
SYNTH-OBS-AB13530B,batteries (Li-ion),Smartphone Pouch Cell,Palghar,Palghar,19.685,72.755,121.71,23.33,,,synthetic,2026-08-02T06:07:46.554037Z
SYNTH-OBS-5DE8C38B,batteries (Li-ion),Laptop 18650 Battery Pack,Thane,Thane,19.215,72.975,133.89,22.54,ANON-C-01F835ECBC53,,synthetic,2026-08-04T07:46:34.507531Z
SYNTH-OBS-ED19188F,batteries (Li-ion),Laptop 18650 Battery Pack,Nashik,Nashik,20.005,73.81,122.17,6.03,,,synthetic,2026-08-04T12:27:53.679862Z
SYNTH-OBS-0E0E67D1,batteries (Li-ion),Smartphone Pouch Cell,Nashik,Nashik,19.97,73.785,122.11,16.27,ANON-C-3819244F2EA6,REC-MH-04,synthetic,2026-08-04T21:10:49.206728Z
SYNTH-OBS-1608E166,batteries (Li-ion),Laptop 18650 Battery Pack,Palghar,Palghar,19.725,72.74,120.24,21.87,ANON-C-57C8C2419244,,synthetic,2026-08-05T14:48:43.593165Z
SYNTH-OBS-BA0989AB,batteries (Li-ion),Laptop 18650 Battery Pack,Thane,Thane,19.22,72.98,114.33,0.18,,REC-MH-06,synthetic,2026-08-07T17:08:03.149336Z
SYNTH-OBS-549D98A5,batteries (Li-ion),Laptop 18650 Battery Pack,Palghar,Palghar,19.7,72.77,112.32,4.83,,REC-MH-02,synthetic,2026-08-09T12:29:20.154833Z
SYNTH-OBS-BC8B3FF2,batteries (Li-ion),Laptop 18650 Battery Pack,Palghar,Palghar,19.74,72.755,117.01,9.93,ANON-C-96DBD174D842,,synthetic,2026-08-13T10:16:49.135931Z
SYNTH-OBS-84870ABA,batteries (Li-ion),Smartphone Pouch Cell,Mumbai,Mumbai,19.085,72.855,136.67,0.15,ANON-C-7D48427DA1EE,,synthetic,2026-08-14T23:22:15.854638Z
SYNTH-OBS-C7043120,batteries (Li-ion),Laptop 18650 Battery Pack,Palghar,Palghar,19.7,72.82,120.77,0.13,ANON-C-693A32279171,,synthetic,2026-08-15T13:03:30.363794Z
SYNTH-OBS-6E2FCE5C,batteries (Li-ion),Laptop 18650 Battery Pack,Thane,Thane,19.215,73.0,125.71,0.17,ANON-C-6BE152F28AA8,REC-MH-09,synthetic,2026-08-16T04:08:26.917702Z
SYNTH-OBS-CFD138BF,batteries (Li-ion),Laptop 18650 Battery Pack,Nashik,Nashik,19.97,73.785,128.27,0.15,,REC-MH-08,synthetic,2026-08-16T12:11:59.827638Z
SYNTH-OBS-93CD5C80,batteries (Li-ion),Smartphone Pouch Cell,Nagpur,Nagpur,21.16,79.08,118.7,12.73,ANON-C-33B4CFB57D96,REC-MH-01,synthetic,2026-08-16T16:12:56.798146Z
SYNTH-OBS-3709F968,batteries (Li-ion),Smartphone Pouch Cell,Nagpur,Nagpur,21.145,79.115,122.45,9.77,ANON-C-A7042BA4A163,,synthetic,2026-08-17T02:33:57.546139Z
SYNTH-OBS-2F207715,batteries (Li-ion),Smartphone Pouch Cell,Mumbai,Mumbai,19.095,72.865,122.14,5.66,,,synthetic,2026-08-19T10:34:49.496460Z
SYNTH-OBS-295A1775,batteries (Li-ion),Smartphone Pouch Cell,Nagpur,Nagpur,21.14,79.095,130.56,4.48,,,synthetic,2026-08-21T05:25:54.942712Z
SYNTH-OBS-79274727,batteries (Li-ion),Smartphone Pouch Cell,Nashik,Nashik,20.01,73.78,114.46,3.05,ANON-C-9D90C66D4CED,REC-MH-04,synthetic,2026-08-22T01:23:55.892084Z
SYNTH-OBS-B058CD71,batteries (Li-ion),Laptop 18650 Battery Pack,Pune,Pune,18.51,73.83,118.17,7.07,ANON-C-247569C00638,,synthetic,2026-08-22T11:37:15.752556Z
SYNTH-OBS-6A5910A3,batteries (Li-ion),Laptop 18650 Battery Pack,Pune,Pune,18.5,73.88,133.83,0.12,,REC-MH-02,synthetic,2026-08-25T14:40:48.269162Z
SYNTH-OBS-1D9CF50D,batteries (Li-ion),Laptop 18650 Battery Pack,Pune,Pune,18.535,73.82,132.79,33.21,,,synthetic,2026-08-26T03:59:06.547544Z
SYNTH-OBS-9C003E71,batteries (Li-ion),Smartphone Pouch Cell,Pune,Pune,18.485,73.82,118.52,13.28,,REC-MH-06,synthetic,2026-08-27T16:39:30.675997Z
SYNTH-OBS-5ED980B8,batteries (Li-ion),Laptop 18650 Battery Pack,Nagpur,Nagpur,21.18,79.08,115.22,21.87,,REC-MH-03,synthetic,2026-08-27T17:40:59.757485Z
SYNTH-OBS-E17C9DF0,batteries (Li-ion),Smartphone Pouch Cell,Thane,Thane,19.225,72.995,139.25,12.53,ANON-C-4F32AC7B926A,REC-MH-08,synthetic,2026-08-30T08:54:43.586817Z
SYNTH-OBS-787AB751,batteries (Li-ion),Smartphone Pouch Cell,Mumbai,Mumbai,19.085,72.875,141.37,23.37,,,synthetic,2026-09-03T06:56:20.858478Z
SYNTH-OBS-B3568902,batteries (Li-ion),Smartphone Pouch Cell,Pune,Pune,18.515,73.885,153.57,12.2,ANON-C-3DB6D350A2BD,REC-MH-09,synthetic,2026-09-03T15:50:09.779066Z
SYNTH-OBS-3CBB0845,batteries (Li-ion),Smartphone Pouch Cell,Thane,Thane,19.23,72.975,150.44,0.16,ANON-C-55312F927377,REC-MH-05,synthetic,2026-09-05T02:28:52.502195Z
SYNTH-OBS-D4E0A9CD,batteries (Li-ion),Laptop 18650 Battery Pack,Thane,Thane,19.23,72.965,142.63,32.85,ANON-C-DCAA4F8B9162,REC-MH-01,synthetic,2026-09-06T18:47:10.184932Z
SYNTH-OBS-A5527C34,batteries (Li-ion),Smartphone Pouch Cell,Mumbai,Mumbai,19.07,72.87,153.82,10.25,ANON-C-1C170DE318CA,,synthetic,2026-09-08T21:00:57.199475Z
SYNTH-OBS-D9EF2E95,batteries (Li-ion),Smartphone Pouch Cell,Palghar,Palghar,19.68,72.77,140.42,31.48,,REC-MH-03,synthetic,2026-09-10T16:07:22.273842Z
SYNTH-OBS-694B9CB1,batteries (Li-ion),Laptop 18650 Battery Pack,Mumbai,Mumbai,19.07,72.87,139.77,15.4,,,synthetic,2026-09-11T08:41:37.180951Z
SYNTH-OBS-22F1759D,batteries (Li-ion),Laptop 18650 Battery Pack,Palghar,Palghar,19.69,72.73,120.49,19.76,,REC-MH-05,synthetic,2026-09-13T04:54:53.270791Z
SYNTH-OBS-2DFACBD5,batteries (Li-ion),Smartphone Pouch Cell,Mumbai,Mumbai,19.055,72.885,133.43,34.46,,,synthetic,2026-09-16T13:38:41.411957Z
SYNTH-OBS-62035E78,batteries (Li-ion),Laptop 18650 Battery Pack,Mumbai,Mumbai,19.05,72.865,151.99,5.17,ANON-C-626A5E1CED17,REC-MH-05,synthetic,2026-09-19T14:08:16.679257Z
SYNTH-OBS-6EB7ED4E,batteries (Li-ion),Smartphone Pouch Cell,Mumbai,Mumbai,19.095,72.865,138.61,21.0,ANON-C-43247B8DA50D,REC-MH-08,synthetic,2026-09-19T16:40:37.425695Z
SYNTH-OBS-06051F56,batteries (Li-ion),Laptop 18650 Battery Pack,Nashik,Nashik,19.965,73.785,138.64,9.38,,REC-MH-03,synthetic,2026-09-20T06:12:59.491861Z
SYNTH-OBS-2442521C,batteries (Li-ion),Laptop 18650 Battery Pack,Pune,Pune,18.525,73.865,136.74,14.91,ANON-C-DC9151D81851,,synthetic,2026-09-20T10:14:29.539683Z
SYNTH-OBS-BF6D60A8,batteries (Li-ion),Laptop 18650 Battery Pack,Nashik,Nashik,19.985,73.77,132.92,0.12,ANON-C-D1BE553385B3,REC-MH-09,synthetic,2026-09-21T04:02:41.324590Z
SYNTH-OBS-AA383D56,batteries (Li-ion),Laptop 18650 Battery Pack,Palghar,Palghar,19.7,72.78,126.59,34.26,ANON-C-45846A7F36D8,REC-MH-04,synthetic,2026-09-24T19:52:16.830131Z
SYNTH-OBS-53D789B2,batteries (Li-ion),Laptop 18650 Battery Pack,Mumbai,Mumbai,19.04,72.885,137.83,0.18,ANON-C-E4859E6729F9,,synthetic,2026-09-25T04:51:11.191625Z
SYNTH-OBS-A3FAFC88,motors/magnet assemblies,Mixer/Fan Copper Wound Motor,Thane,Thane,19.215,72.99,90.73,2.01,,,synthetic,2026-06-29T18:46:37.086987Z
SYNTH-OBS-FFD026F3,motors/magnet assemblies,Mixer/Fan Copper Wound Motor,Thane,Thane,19.23,72.935,100.85,30.45,,REC-MH-04,synthetic,2026-06-30T15:25:40.390328Z
SYNTH-OBS-BFCA1080,motors/magnet assemblies,Hard Disk Neodymium Assembly,Nagpur,Nagpur,21.135,79.05,87.93,11.11,,,synthetic,2026-07-01T04:39:03.701835Z
SYNTH-OBS-26839B21,motors/magnet assemblies,Mixer/Fan Copper Wound Motor,Thane,Thane,19.225,72.945,89.25,18.74,ANON-C-F516A8517BBD,REC-MH-02,synthetic,2026-07-01T07:51:06.517793Z
SYNTH-OBS-E3F847F1,motors/magnet assemblies,Mixer/Fan Copper Wound Motor,Mumbai,Mumbai,19.085,72.87,90.93,2.99,,REC-MH-05,synthetic,2026-07-03T22:03:45.763529Z
SYNTH-OBS-090BA8F3,motors/magnet assemblies,Mixer/Fan Copper Wound Motor,Pune,Pune,18.535,73.875,92.72,26.41,,,synthetic,2026-07-08T16:37:10.157410Z
SYNTH-OBS-834B6B97,motors/magnet assemblies,Hard Disk Neodymium Assembly,Nagpur,Nagpur,21.155,79.105,88.96,33.97,ANON-C-5987DE49C47A,,synthetic,2026-07-08T22:45:04.091754Z
SYNTH-OBS-1C83CDF9,motors/magnet assemblies,Hard Disk Neodymium Assembly,Nagpur,Nagpur,21.145,79.055,86.13,3.45,ANON-C-0CBD1868AAD4,REC-MH-08,synthetic,2026-07-08T23:22:59.993473Z
SYNTH-OBS-0C9B600A,motors/magnet assemblies,Hard Disk Neodymium Assembly,Pune,Pune,18.505,73.875,94.11,33.98,,,synthetic,2026-07-09T01:04:39.448651Z
SYNTH-OBS-642248AC,motors/magnet assemblies,Hard Disk Neodymium Assembly,Nashik,Nashik,20.03,73.79,83.82,22.79,,,synthetic,2026-07-09T19:43:52.458825Z
SYNTH-OBS-46DFF44C,motors/magnet assemblies,Hard Disk Neodymium Assembly,Thane,Thane,19.19,73.02,96.55,1.03,ANON-C-DB43588DC317,,synthetic,2026-07-10T13:36:15.147987Z
SYNTH-OBS-FF5C5D4B,motors/magnet assemblies,Hard Disk Neodymium Assembly,Thane,Thane,19.215,72.97,97.63,25.89,ANON-C-A254BB76735B,REC-MH-06,synthetic,2026-07-12T09:24:02.822616Z
SYNTH-OBS-B48B9CB0,motors/magnet assemblies,Mixer/Fan Copper Wound Motor,Pune,Pune,18.525,73.84,87.11,14.63,ANON-C-927EB41F9C94,,synthetic,2026-07-13T17:06:04.133458Z
SYNTH-OBS-22BED973,motors/magnet assemblies,Mixer/Fan Copper Wound Motor,Mumbai,Mumbai,19.06,72.905,94.55,20.12,ANON-C-47903E8F984F,REC-MH-06,synthetic,2026-07-16T00:45:48.597900Z
SYNTH-OBS-87680BAC,motors/magnet assemblies,Mixer/Fan Copper Wound Motor,Pune,Pune,18.525,73.84,97.22,32.03,ANON-C-0F16D834C92F,,synthetic,2026-07-16T22:04:38.420410Z
SYNTH-OBS-249CFBD2,motors/magnet assemblies,Mixer/Fan Copper Wound Motor,Nagpur,Nagpur,21.155,79.085,87.71,2.48,,REC-MH-01,synthetic,2026-07-21T10:21:25.279794Z
SYNTH-OBS-3DFCB093,motors/magnet assemblies,Hard Disk Neodymium Assembly,Nashik,Nashik,20.01,73.795,84.43,27.03,ANON-C-4EA7ADF29C9D,,synthetic,2026-07-21T21:31:36.650621Z
SYNTH-OBS-3600C7A9,motors/magnet assemblies,Mixer/Fan Copper Wound Motor,Mumbai,Mumbai,19.07,72.865,96.38,9.46,ANON-C-A2BC88DF5E10,REC-MH-09,synthetic,2026-07-22T00:38:38.473876Z
SYNTH-OBS-2459E68A,motors/magnet assemblies,Mixer/Fan Copper Wound Motor,Nagpur,Nagpur,21.145,79.11,87.01,20.01,ANON-C-E562D346AF0A,REC-MH-05,synthetic,2026-07-23T23:11:31.338996Z
SYNTH-OBS-14CED700,motors/magnet assemblies,Hard Disk Neodymium Assembly,Palghar,Palghar,19.695,72.785,87.86,19.22,ANON-C-41BF92DD7A88,,synthetic,2026-07-24T00:50:55.392963Z
SYNTH-OBS-CA256688,motors/magnet assemblies,Hard Disk Neodymium Assembly,Pune,Pune,18.495,73.86,86.84,16.08,ANON-C-49479CD658AF,,synthetic,2026-07-24T17:21:41.690279Z
SYNTH-OBS-D6519851,motors/magnet assemblies,Mixer/Fan Copper Wound Motor,Mumbai,Mumbai,19.065,72.865,96.05,14.04,ANON-C-3819244F2EA6,,synthetic,2026-07-26T09:14:21.873719Z
SYNTH-OBS-032CA73A,motors/magnet assemblies,Mixer/Fan Copper Wound Motor,Mumbai,Mumbai,19.085,72.87,94.61,2.3,ANON-C-C40459BF75E7,,synthetic,2026-07-29T15:16:47.438016Z
SYNTH-OBS-FD975D6F,motors/magnet assemblies,Mixer/Fan Copper Wound Motor,Thane,Thane,19.215,73.0,95.62,34.71,,,synthetic,2026-08-04T11:31:13.586771Z
SYNTH-OBS-433374FD,motors/magnet assemblies,Hard Disk Neodymium Assembly,Pune,Pune,18.495,73.845,95.0,1.1,,,synthetic,2026-08-05T12:58:02.048072Z
SYNTH-OBS-083B8C36,motors/magnet assemblies,Hard Disk Neodymium Assembly,Nagpur,Nagpur,21.17,79.085,91.83,4.73,ANON-C-BA8ABC2B6BE4,REC-MH-01,synthetic,2026-08-05T15:05:56.372628Z
SYNTH-OBS-8C2ED4D1,motors/magnet assemblies,Hard Disk Neodymium Assembly,Pune,Pune,18.53,73.84,97.0,2.79,,,synthetic,2026-08-08T05:42:17.619759Z
SYNTH-OBS-45B85649,motors/magnet assemblies,Hard Disk Neodymium Assembly,Pune,Pune,18.495,73.855,96.1,23.74,ANON-C-7888D554403E,REC-MH-05,synthetic,2026-08-09T18:24:15.723376Z
SYNTH-OBS-1DEAED4A,motors/magnet assemblies,Hard Disk Neodymium Assembly,Nagpur,Nagpur,21.11,79.125,86.97,23.98,ANON-C-F7682170B914,REC-MH-05,synthetic,2026-08-13T05:44:02.656922Z
SYNTH-OBS-D5C21E87,motors/magnet assemblies,Hard Disk Neodymium Assembly,Palghar,Palghar,19.695,72.74,90.88,11.21,ANON-C-0A7867C8F07E,,synthetic,2026-08-13T10:30:15.580718Z
SYNTH-OBS-FD576BAA,motors/magnet assemblies,Mixer/Fan Copper Wound Motor,Thane,Thane,19.225,72.965,95.07,18.6,ANON-C-9635A129D887,,synthetic,2026-08-14T00:50:38.665671Z
SYNTH-OBS-FE39F50A,motors/magnet assemblies,Mixer/Fan Copper Wound Motor,Palghar,Palghar,19.74,72.755,83.47,31.6,ANON-C-F47E7098ABF6,,synthetic,2026-08-17T11:24:46.843916Z
SYNTH-OBS-140A03A7,motors/magnet assemblies,Mixer/Fan Copper Wound Motor,Palghar,Palghar,19.69,72.82,80.3,3.75,ANON-C-0502776FF9B8,REC-MH-09,synthetic,2026-08-17T23:03:59.503774Z
SYNTH-OBS-79AAAB27,motors/magnet assemblies,Hard Disk Neodymium Assembly,Pune,Pune,18.51,73.835,94.65,1.27,,REC-MH-03,synthetic,2026-08-20T02:41:21.510387Z
SYNTH-OBS-A23FB48B,motors/magnet assemblies,Hard Disk Neodymium Assembly,Mumbai,Mumbai,19.04,72.925,108.7,32.82,,,synthetic,2026-08-20T05:12:56.097622Z
SYNTH-OBS-C3ABF8E9,motors/magnet assemblies,Hard Disk Neodymium Assembly,Thane,Thane,19.215,72.99,100.03,4.37,ANON-C-5DC1270E47B9,REC-MH-03,synthetic,2026-08-21T12:53:47.689485Z
SYNTH-OBS-2B07DCAE,motors/magnet assemblies,Hard Disk Neodymium Assembly,Mumbai,Mumbai,19.105,72.87,100.27,8.1,ANON-C-E3E9EBECEC0D,,synthetic,2026-08-23T07:41:26.563147Z
SYNTH-OBS-CEA8F884,motors/magnet assemblies,Mixer/Fan Copper Wound Motor,Pune,Pune,18.51,73.87,97.89,34.38,ANON-C-2BD997948674,REC-MH-08,synthetic,2026-08-23T13:03:56.843815Z
SYNTH-OBS-D9CFF680,motors/magnet assemblies,Mixer/Fan Copper Wound Motor,Palghar,Palghar,19.685,72.75,88.46,10.74,ANON-C-9635A129D887,REC-MH-06,synthetic,2026-08-24T07:58:47.540872Z
SYNTH-OBS-37505362,motors/magnet assemblies,Mixer/Fan Copper Wound Motor,Thane,Thane,19.23,72.97,98.64,20.83,,REC-MH-01,synthetic,2026-08-26T18:16:52.672317Z
SYNTH-OBS-E2539E5E,motors/magnet assemblies,Mixer/Fan Copper Wound Motor,Nagpur,Nagpur,21.14,79.09,92.72,28.37,ANON-C-E9FBE4937DDD,,synthetic,2026-08-27T02:33:52.880586Z
SYNTH-OBS-EB57BF38,motors/magnet assemblies,Mixer/Fan Copper Wound Motor,Nashik,Nashik,20.045,73.795,99.01,2.97,ANON-C-1E29294E56A3,,synthetic,2026-08-27T02:50:17.924132Z
SYNTH-OBS-61725DEE,motors/magnet assemblies,Mixer/Fan Copper Wound Motor,Nagpur,Nagpur,21.16,79.075,98.2,6.53,,REC-MH-07,synthetic,2026-08-27T18:25:00.710470Z
SYNTH-OBS-1FF0145B,motors/magnet assemblies,Mixer/Fan Copper Wound Motor,Nagpur,Nagpur,21.165,79.095,99.53,2.51,ANON-C-6A433424991E,REC-MH-04,synthetic,2026-08-28T01:37:44.422631Z
SYNTH-OBS-5D577204,motors/magnet assemblies,Hard Disk Neodymium Assembly,Pune,Pune,18.495,73.845,98.52,2.81,ANON-C-68DA2A2EFA90,,synthetic,2026-08-29T06:56:29.622975Z
SYNTH-OBS-73E99663,motors/magnet assemblies,Mixer/Fan Copper Wound Motor,Mumbai,Mumbai,19.085,72.915,112.03,2.53,,REC-MH-08,synthetic,2026-08-31T13:05:46.806051Z
SYNTH-OBS-AC19E92A,motors/magnet assemblies,Mixer/Fan Copper Wound Motor,Palghar,Palghar,19.685,72.76,93.09,26.21,ANON-C-AAB575199A9E,REC-MH-08,synthetic,2026-09-02T14:35:07.045980Z
SYNTH-OBS-22C398E7,motors/magnet assemblies,Mixer/Fan Copper Wound Motor,Nagpur,Nagpur,21.17,79.1,107.07,2.72,ANON-C-769168299046,REC-MH-05,synthetic,2026-09-06T11:27:55.000586Z
SYNTH-OBS-7C44AB59,motors/magnet assemblies,Mixer/Fan Copper Wound Motor,Pune,Pune,18.495,73.835,106.49,30.05,,REC-MH-05,synthetic,2026-09-08T03:17:49.178909Z
SYNTH-OBS-3853662A,motors/magnet assemblies,Mixer/Fan Copper Wound Motor,Palghar,Palghar,19.695,72.76,104.55,2.8,ANON-C-7666F86A434D,,synthetic,2026-09-09T23:07:29.847980Z
SYNTH-OBS-4327FFB2,motors/magnet assemblies,Mixer/Fan Copper Wound Motor,Nashik,Nashik,20.01,73.795,102.21,27.51,,,synthetic,2026-09-10T00:55:56.456661Z
SYNTH-OBS-D518CD69,motors/magnet assemblies,Mixer/Fan Copper Wound Motor,Mumbai,Mumbai,19.055,72.895,118.5,3.2,ANON-C-484FF0A91F66,,synthetic,2026-09-12T09:20:29.263937Z
SYNTH-OBS-24CD1364,motors/magnet assemblies,Hard Disk Neodymium Assembly,Palghar,Palghar,19.69,72.75,105.46,28.36,,,synthetic,2026-09-14T07:46:02.377222Z
SYNTH-OBS-9620CF95,motors/magnet assemblies,Hard Disk Neodymium Assembly,Palghar,Palghar,19.66,72.77,98.65,17.59,ANON-C-CD05A5F31746,REC-MH-09,synthetic,2026-09-17T15:14:41.216847Z
SYNTH-OBS-138ED98A,motors/magnet assemblies,Mixer/Fan Copper Wound Motor,Palghar,Palghar,19.71,72.81,102.04,6.28,,REC-MH-02,synthetic,2026-09-17T18:26:44.577704Z
SYNTH-OBS-9E2B1889,motors/magnet assemblies,Hard Disk Neodymium Assembly,Pune,Pune,18.54,73.86,104.6,2.96,ANON-C-582DF33B3A70,REC-MH-01,synthetic,2026-09-18T01:15:39.583031Z
SYNTH-OBS-211AE227,motors/magnet assemblies,Mixer/Fan Copper Wound Motor,Mumbai,Mumbai,19.11,72.85,101.49,6.04,,,synthetic,2026-09-18T12:29:19.167466Z
SYNTH-OBS-6DE1103C,motors/magnet assemblies,Hard Disk Neodymium Assembly,Mumbai,Mumbai,19.07,72.87,112.2,12.03,,,synthetic,2026-09-22T22:17:22.857793Z
SYNTH-OBS-0DCC4473,motors/magnet assemblies,Mixer/Fan Copper Wound Motor,Thane,Thane,19.25,72.965,109.44,29.55,ANON-C-5DC1270E47B9,,synthetic,2026-09-24T17:14:21.007122Z
SYNTH-OBS-53D2AAAE,motors/magnet assemblies,Mixer/Fan Copper Wound Motor,Pune,Pune,18.515,73.855,100.48,20.89,ANON-C-C54662595919,REC-MH-03,synthetic,2026-09-24T21:38:46.030662Z
SYNTH-OBS-D0B62C25,cables (copper),Domestic Appliance Wiring,Mumbai,Mumbai,19.075,72.885,479.42,20.41,,REC-MH-05,synthetic,2026-06-30T00:39:02.461421Z
SYNTH-OBS-C897B548,cables (copper),Heavy Insulated Industrial Cable,Nagpur,Nagpur,21.145,79.085,431.47,7.36,,REC-MH-07,synthetic,2026-06-30T12:08:57.758772Z
SYNTH-OBS-BE4E5317,cables (copper),Domestic Appliance Wiring,Thane,Thane,19.2,72.99,443.56,32.06,,REC-MH-08,synthetic,2026-06-30T20:17:31.496987Z
SYNTH-OBS-CE2F82E5,cables (copper),Domestic Appliance Wiring,Pune,Pune,18.51,73.86,435.31,21.3,,REC-MH-09,synthetic,2026-07-02T13:12:28.665106Z
SYNTH-OBS-E76AC223,cables (copper),Heavy Insulated Industrial Cable,Thane,Thane,19.21,72.98,458.23,4.72,,REC-MH-08,synthetic,2026-07-07T00:30:16.036840Z
SYNTH-OBS-4BA5A0EE,cables (copper),Heavy Insulated Industrial Cable,Palghar,Palghar,19.72,72.77,392.08,21.12,ANON-C-82CBC7167AD4,REC-MH-07,synthetic,2026-07-08T10:17:50.710176Z
SYNTH-OBS-E6EF15D7,cables (copper),Heavy Insulated Industrial Cable,Nashik,Nashik,20.05,73.785,429.6,3.38,,REC-MH-03,synthetic,2026-07-11T15:08:15.129342Z
SYNTH-OBS-8098B06B,cables (copper),Domestic Appliance Wiring,Thane,Thane,19.21,73.0,401.24,13.6,,,synthetic,2026-07-11T18:27:37.738727Z
SYNTH-OBS-DD332D40,cables (copper),Domestic Appliance Wiring,Pune,Pune,18.51,73.86,411.54,17.01,,REC-MH-06,synthetic,2026-07-13T11:14:36.787411Z
SYNTH-OBS-A52D0C49,cables (copper),Heavy Insulated Industrial Cable,Thane,Thane,19.23,73.015,429.96,8.92,ANON-C-769168299046,REC-MH-01,synthetic,2026-07-16T11:08:33.717984Z
SYNTH-OBS-E548B4EB,cables (copper),Heavy Insulated Industrial Cable,Palghar,Palghar,19.67,72.795,393.42,26.19,,REC-MH-01,synthetic,2026-07-17T16:37:29.482866Z
SYNTH-OBS-2541A224,cables (copper),Domestic Appliance Wiring,Nashik,Nashik,19.975,73.8,397.02,8.41,,,synthetic,2026-07-20T22:35:05.537183Z
SYNTH-OBS-942904D5,cables (copper),Heavy Insulated Industrial Cable,Nagpur,Nagpur,21.16,79.115,449.51,3.9,ANON-C-408AFD043A8E,REC-MH-09,synthetic,2026-07-21T07:10:07.535879Z
SYNTH-OBS-E765BDBB,cables (copper),Domestic Appliance Wiring,Thane,Thane,19.235,72.95,457.3,5.61,,,synthetic,2026-07-22T09:52:21.281105Z
SYNTH-OBS-6E2FFF88,cables (copper),Heavy Insulated Industrial Cable,Mumbai,Mumbai,19.095,72.875,484.85,6.91,ANON-C-4B5FA899194C,,synthetic,2026-07-23T06:54:55.494335Z
SYNTH-OBS-863D7D6B,cables (copper),Heavy Insulated Industrial Cable,Nagpur,Nagpur,21.175,79.155,416.09,4.18,ANON-C-E466C60EF5A8,,synthetic,2026-07-24T00:54:02.561519Z
SYNTH-OBS-C2E6CCB4,cables (copper),Heavy Insulated Industrial Cable,Nagpur,Nagpur,21.17,79.08,425.48,30.98,ANON-C-D2CA88382F5C,,synthetic,2026-07-24T05:48:14.616539Z
SYNTH-OBS-2CE91CDA,cables (copper),Domestic Appliance Wiring,Nagpur,Nagpur,21.145,79.06,437.55,13.79,ANON-C-38740CF9B7FD,,synthetic,2026-07-24T17:54:23.821982Z
SYNTH-OBS-3005F86F,cables (copper),Heavy Insulated Industrial Cable,Pune,Pune,18.495,73.86,443.88,5.35,ANON-C-E3478CF0D2A8,REC-MH-01,synthetic,2026-07-26T12:31:11.404370Z
SYNTH-OBS-3413581C,cables (copper),Heavy Insulated Industrial Cable,Pune,Pune,18.52,73.875,447.78,19.98,ANON-C-0941157A874F,,synthetic,2026-07-27T17:42:53.091510Z
SYNTH-OBS-68BB2271,cables (copper),Domestic Appliance Wiring,Mumbai,Mumbai,19.09,72.88,471.94,28.16,,REC-MH-04,synthetic,2026-07-29T04:57:23.776287Z
SYNTH-OBS-153A2194,cables (copper),Domestic Appliance Wiring,Nashik,Nashik,19.975,73.79,451.45,7.88,ANON-C-97F609E03F58,REC-MH-03,synthetic,2026-08-03T03:19:40.997910Z
SYNTH-OBS-114D5233,cables (copper),Domestic Appliance Wiring,Nagpur,Nagpur,21.17,79.07,435.84,15.56,,,synthetic,2026-08-03T17:12:30.025596Z
SYNTH-OBS-47DB7218,cables (copper),Domestic Appliance Wiring,Nashik,Nashik,19.995,73.755,405.66,17.88,ANON-C-05BCEAF607E8,,synthetic,2026-08-04T12:42:25.873641Z
SYNTH-OBS-ACD803F0,cables (copper),Heavy Insulated Industrial Cable,Palghar,Palghar,19.71,72.735,454.0,22.85,,REC-MH-05,synthetic,2026-08-04T14:57:33.789719Z
SYNTH-OBS-36ECE202,cables (copper),Domestic Appliance Wiring,Mumbai,Mumbai,19.085,72.9,497.17,8.59,ANON-C-29456C941865,REC-MH-02,synthetic,2026-08-04T20:29:51.778087Z
SYNTH-OBS-6F17B728,cables (copper),Domestic Appliance Wiring,Nashik,Nashik,20.02,73.78,418.24,29.61,,REC-MH-01,synthetic,2026-08-04T22:26:12.824888Z
SYNTH-OBS-6667E031,cables (copper),Domestic Appliance Wiring,Nagpur,Nagpur,21.18,79.08,455.71,17.29,ANON-C-F8E1DA837E79,REC-MH-08,synthetic,2026-08-05T02:08:41.522165Z
SYNTH-OBS-C33DD216,cables (copper),Heavy Insulated Industrial Cable,Nagpur,Nagpur,21.135,79.095,477.99,13.96,ANON-C-F90307A3F009,REC-MH-02,synthetic,2026-08-08T14:36:42.172125Z
SYNTH-OBS-080F5758,cables (copper),Heavy Insulated Industrial Cable,Mumbai,Mumbai,19.11,72.895,507.27,17.5,,REC-MH-07,synthetic,2026-08-09T04:54:08.030633Z
SYNTH-OBS-B31DC8C9,cables (copper),Heavy Insulated Industrial Cable,Nagpur,Nagpur,21.165,79.07,453.85,19.33,ANON-C-B7CE5A033FF5,REC-MH-07,synthetic,2026-08-11T08:40:33.149588Z
SYNTH-OBS-62180C47,cables (copper),Domestic Appliance Wiring,Thane,Thane,19.225,73.01,445.52,7.12,,REC-MH-04,synthetic,2026-08-11T09:40:19.774239Z
SYNTH-OBS-31CE3580,cables (copper),Domestic Appliance Wiring,Pune,Pune,18.525,73.865,469.75,29.76,,,synthetic,2026-08-12T10:00:03.070935Z
SYNTH-OBS-E116D1AA,cables (copper),Heavy Insulated Industrial Cable,Nagpur,Nagpur,21.145,79.1,446.85,26.75,,REC-MH-07,synthetic,2026-08-14T23:45:36.496652Z
SYNTH-OBS-356757F4,cables (copper),Domestic Appliance Wiring,Nashik,Nashik,19.98,73.775,429.42,34.68,ANON-C-7C4908DB24DB,REC-MH-09,synthetic,2026-08-15T03:55:12.386416Z
SYNTH-OBS-DCFBFF26,cables (copper),Heavy Insulated Industrial Cable,Pune,Pune,18.55,73.88,455.02,13.0,ANON-C-1CE762B4A2C6,,synthetic,2026-08-15T10:18:01.037381Z
SYNTH-OBS-5960009A,cables (copper),Domestic Appliance Wiring,Palghar,Palghar,19.695,72.76,409.76,31.99,ANON-C-96DBD174D842,,synthetic,2026-08-16T03:50:14.449537Z
SYNTH-OBS-ECCB6CDB,cables (copper),Heavy Insulated Industrial Cable,Palghar,Palghar,19.695,72.755,430.05,33.32,,,synthetic,2026-08-19T01:03:25.663704Z
SYNTH-OBS-BCD14690,cables (copper),Domestic Appliance Wiring,Palghar,Palghar,19.71,72.745,404.8,9.18,ANON-C-55312F927377,REC-MH-05,synthetic,2026-08-19T04:21:13.987363Z
SYNTH-OBS-B1237C2C,cables (copper),Domestic Appliance Wiring,Mumbai,Mumbai,19.075,72.88,497.78,16.46,ANON-C-AB21C958F953,REC-MH-01,synthetic,2026-08-20T11:02:01.561420Z
SYNTH-OBS-82BC2156,cables (copper),Heavy Insulated Industrial Cable,Mumbai,Mumbai,19.065,72.87,490.98,23.04,ANON-C-3390242DAF87,REC-MH-04,synthetic,2026-08-21T19:49:57.381675Z
SYNTH-OBS-A847F322,cables (copper),Heavy Insulated Industrial Cable,Nashik,Nashik,20.005,73.81,473.97,28.51,,,synthetic,2026-08-22T09:18:01.707884Z
SYNTH-OBS-3CB906A2,cables (copper),Heavy Insulated Industrial Cable,Thane,Thane,19.215,73.0,505.93,21.8,ANON-C-F2B7DC4FC540,REC-MH-09,synthetic,2026-08-23T00:50:12.781366Z
SYNTH-OBS-A1D66D95,cables (copper),Heavy Insulated Industrial Cable,Palghar,Palghar,19.68,72.745,429.65,19.16,,,synthetic,2026-08-24T07:37:50.458431Z
SYNTH-OBS-AB15A393,cables (copper),Domestic Appliance Wiring,Pune,Pune,18.555,73.855,471.39,23.58,,,synthetic,2026-08-26T20:04:13.980869Z
SYNTH-OBS-C9C90690,cables (copper),Heavy Insulated Industrial Cable,Mumbai,Mumbai,19.09,72.865,545.68,31.73,ANON-C-9024DDBCBF04,REC-MH-03,synthetic,2026-08-29T23:13:29.812452Z
SYNTH-OBS-BA8798C0,cables (copper),Heavy Insulated Industrial Cable,Nashik,Nashik,20.015,73.815,450.64,32.51,ANON-C-DC9151D81851,REC-MH-02,synthetic,2026-09-01T05:14:03.575712Z
SYNTH-OBS-E6FB5BB5,cables (copper),Domestic Appliance Wiring,Thane,Thane,19.23,72.96,522.26,4.92,ANON-C-759FE638BB77,REC-MH-04,synthetic,2026-09-02T03:57:36.045836Z
SYNTH-OBS-E1F7D1EE,cables (copper),Domestic Appliance Wiring,Nagpur,Nagpur,21.14,79.075,489.11,32.72,ANON-C-114218982345,,synthetic,2026-09-02T05:05:47.070118Z
SYNTH-OBS-FB10DEBB,cables (copper),Heavy Insulated Industrial Cable,Nagpur,Nagpur,21.115,79.115,474.67,32.06,,REC-MH-03,synthetic,2026-09-03T19:11:43.511963Z
SYNTH-OBS-EFC51F7A,cables (copper),Heavy Insulated Industrial Cable,Nagpur,Nagpur,21.185,79.095,451.42,3.15,ANON-C-94BA2CF81CA6,,synthetic,2026-09-04T05:57:36.311803Z
SYNTH-OBS-ACAEFB68,cables (copper),Domestic Appliance Wiring,Pune,Pune,18.505,73.84,500.84,11.04,,,synthetic,2026-09-08T13:49:17.933717Z
SYNTH-OBS-22441170,cables (copper),Domestic Appliance Wiring,Nashik,Nashik,19.99,73.785,509.28,22.4,,REC-MH-09,synthetic,2026-09-09T21:05:23.701591Z
SYNTH-OBS-0B102133,cables (copper),Domestic Appliance Wiring,Pune,Pune,18.525,73.85,512.08,26.49,,,synthetic,2026-09-10T05:36:29.822842Z
SYNTH-OBS-C7777385,cables (copper),Heavy Insulated Industrial Cable,Mumbai,Mumbai,19.025,72.87,545.67,24.32,ANON-C-361580A0F47D,,synthetic,2026-09-11T02:07:08.134283Z
SYNTH-OBS-4E8DEF42,cables (copper),Heavy Insulated Industrial Cable,Pune,Pune,18.51,73.835,528.06,14.35,,,synthetic,2026-09-15T00:52:21.571197Z
SYNTH-OBS-CD30A14D,cables (copper),Heavy Insulated Industrial Cable,Nashik,Nashik,19.95,73.795,443.35,26.33,,,synthetic,2026-09-15T01:43:50.912846Z
SYNTH-OBS-02F3BC91,cables (copper),Domestic Appliance Wiring,Nagpur,Nagpur,21.155,79.105,466.58,26.86,,,synthetic,2026-09-15T21:04:46.720886Z
SYNTH-OBS-AFCE4DDA,cables (copper),Domestic Appliance Wiring,Thane,Thane,19.215,72.955,517.48,17.97,ANON-C-E6A163B5D0ED,REC-MH-07,synthetic,2026-09-17T05:22:32.723856Z
SYNTH-OBS-10201712,cables (copper),Domestic Appliance Wiring,Pune,Pune,18.53,73.84,519.69,30.94,ANON-C-278F42C87345,,synthetic,2026-09-19T16:31:17.257902Z
SYNTH-OBS-69AF7529,cables (copper),Domestic Appliance Wiring,Palghar,Palghar,19.72,72.78,460.74,16.31,ANON-C-B5D8E89758FE,REC-MH-02,synthetic,2026-09-21T05:17:30.563680Z
SYNTH-OBS-395E23F8,cables (copper),Domestic Appliance Wiring,Pune,Pune,18.53,73.85,471.32,33.51,ANON-C-54BA110A9BB8,REC-MH-04,synthetic,2026-09-21T08:17:44.908160Z
SYNTH-OBS-66A23127,cables (copper),Domestic Appliance Wiring,Mumbai,Mumbai,19.07,72.875,557.22,20.74,ANON-C-A2B1F0B5F599,,synthetic,2026-09-24T08:13:55.942227Z
SYNTH-OBS-50F7EC42,PCB (high grade),Server Motherboard (Gold Pin),Nagpur,Nagpur,21.155,79.085,733.91,4.18,ANON-C-D033149F7510,REC-MH-03,synthetic,2026-07-01T05:17:45.171512Z
SYNTH-OBS-9CF24E82,PCB (high grade),Server Motherboard (Gold Pin),Nashik,Nashik,19.975,73.8,656.35,21.7,,REC-MH-09,synthetic,2026-07-05T03:44:21.344655Z
SYNTH-OBS-C80EDDA2,PCB (high grade),Server Motherboard (Gold Pin),Palghar,Palghar,19.705,72.76,694.94,6.69,,,synthetic,2026-07-07T09:58:23.200085Z
SYNTH-OBS-86FD2FAB,PCB (high grade),Telecom Switching PCB,Palghar,Palghar,19.69,72.755,741.94,25.48,ANON-C-10E8F96923D1,,synthetic,2026-07-08T01:31:27.260800Z
SYNTH-OBS-C2944AE0,PCB (high grade),Server Motherboard (Gold Pin),Nagpur,Nagpur,21.105,79.09,660.97,7.27,,REC-MH-08,synthetic,2026-07-09T03:08:21.153483Z
SYNTH-OBS-96855DA5,PCB (high grade),Telecom Switching PCB,Thane,Thane,19.22,73.005,693.44,13.49,,REC-MH-02,synthetic,2026-07-10T04:23:02.747191Z
SYNTH-OBS-515FBF7D,PCB (high grade),Server Motherboard (Gold Pin),Thane,Thane,19.21,72.95,741.11,0.28,,,synthetic,2026-07-11T18:03:32.304048Z
SYNTH-OBS-6CE523A5,PCB (high grade),Telecom Switching PCB,Pune,Pune,18.535,73.84,677.26,28.19,ANON-C-23741C37962C,,synthetic,2026-07-12T07:33:39.544095Z
SYNTH-OBS-7C33427A,PCB (high grade),Telecom Switching PCB,Mumbai,Mumbai,19.085,72.87,785.06,25.07,,,synthetic,2026-07-12T08:32:17.270169Z
SYNTH-OBS-0144C0C1,PCB (high grade),Telecom Switching PCB,Nagpur,Nagpur,21.155,79.065,742.07,0.27,ANON-C-3BE0C48B58D2,,synthetic,2026-07-13T15:31:43.964455Z
SYNTH-OBS-E9A660F5,PCB (high grade),Telecom Switching PCB,Nashik,Nashik,19.995,73.79,676.4,32.45,,REC-MH-08,synthetic,2026-07-14T19:53:00.450034Z
SYNTH-OBS-90E48864,PCB (high grade),Server Motherboard (Gold Pin),Nashik,Nashik,19.985,73.79,701.5,28.34,ANON-C-7888D554403E,,synthetic,2026-07-15T04:27:15.642037Z
SYNTH-OBS-15E60D0B,PCB (high grade),Telecom Switching PCB,Pune,Pune,18.495,73.855,721.81,12.38,,REC-MH-07,synthetic,2026-07-17T14:10:17.227451Z
SYNTH-OBS-CDFC8779,PCB (high grade),Server Motherboard (Gold Pin),Palghar,Palghar,19.68,72.78,649.04,5.64,,REC-MH-09,synthetic,2026-07-18T10:01:22.925225Z
SYNTH-OBS-CA2B2247,PCB (high grade),Telecom Switching PCB,Nagpur,Nagpur,21.12,79.09,710.76,30.33,ANON-C-C87A246C5F6F,REC-MH-08,synthetic,2026-07-18T13:58:48.760083Z
SYNTH-OBS-7C141C95,PCB (high grade),Server Motherboard (Gold Pin),Nashik,Nashik,19.99,73.83,782.86,21.89,ANON-C-9CDFA31EFA8C,,synthetic,2026-07-21T16:35:37.838721Z
SYNTH-OBS-CDA3B309,PCB (high grade),Server Motherboard (Gold Pin),Thane,Thane,19.265,72.965,658.52,2.1,ANON-C-481F83120E9B,REC-MH-04,synthetic,2026-07-21T16:44:25.910042Z
SYNTH-OBS-5A57CB1B,PCB (high grade),Telecom Switching PCB,Nashik,Nashik,20.015,73.79,657.74,12.61,ANON-C-BA4F04B2E2D1,,synthetic,2026-07-22T02:58:15.154148Z
SYNTH-OBS-98292B23,PCB (high grade),Server Motherboard (Gold Pin),Thane,Thane,19.2,73.005,744.82,15.27,,,synthetic,2026-07-24T21:45:18.253926Z
SYNTH-OBS-7F3B1A5F,PCB (high grade),Server Motherboard (Gold Pin),Palghar,Palghar,19.67,72.79,679.39,7.63,,REC-MH-03,synthetic,2026-07-28T09:38:02.065924Z
SYNTH-OBS-B7A2A311,PCB (high grade),Server Motherboard (Gold Pin),Nagpur,Nagpur,21.145,79.11,715.71,0.34,ANON-C-39A7AFF84DB8,,synthetic,2026-07-31T00:22:43.828536Z
SYNTH-OBS-E7223479,PCB (high grade),Telecom Switching PCB,Thane,Thane,19.235,72.975,742.79,26.59,ANON-C-D6844EB604CB,REC-MH-06,synthetic,2026-08-01T08:27:12.696990Z
SYNTH-OBS-723C9D3D,PCB (high grade),Telecom Switching PCB,Palghar,Palghar,19.685,72.765,669.85,16.82,,REC-MH-05,synthetic,2026-08-03T20:54:00.619308Z
SYNTH-OBS-6B9502A9,PCB (high grade),Telecom Switching PCB,Nashik,Nashik,20.005,73.77,650.89,17.47,,REC-MH-07,synthetic,2026-08-04T02:22:51.190323Z
SYNTH-OBS-4C7FDC97,PCB (high grade),Telecom Switching PCB,Palghar,Palghar,19.715,72.785,689.08,0.25,ANON-C-5CE01311C2B5,,synthetic,2026-08-05T20:39:33.552684Z
SYNTH-OBS-87ABE56C,PCB (high grade),Telecom Switching PCB,Pune,Pune,18.495,73.87,772.33,9.79,ANON-C-073DDC351D1B,REC-MH-01,synthetic,2026-08-05T21:47:36.141497Z
SYNTH-OBS-9FB5AD6E,PCB (high grade),Telecom Switching PCB,Thane,Thane,19.205,72.965,724.09,20.21,,,synthetic,2026-08-06T15:09:33.806358Z
SYNTH-OBS-6FAD43C6,PCB (high grade),Server Motherboard (Gold Pin),Mumbai,Mumbai,19.04,72.89,748.94,18.2,ANON-C-21D7F62C831C,REC-MH-06,synthetic,2026-08-08T11:45:30.765132Z
SYNTH-OBS-EC01933D,PCB (high grade),Server Motherboard (Gold Pin),Thane,Thane,19.22,73.0,870.94,4.16,ANON-C-FA567648F909,REC-MH-06,synthetic,2026-08-08T14:36:57.956469Z
SYNTH-OBS-37C43162,PCB (high grade),Telecom Switching PCB,Nashik,Nashik,19.995,73.825,699.22,5.71,,REC-MH-06,synthetic,2026-08-08T19:42:08.108324Z
SYNTH-OBS-D7E28406,PCB (high grade),Telecom Switching PCB,Nagpur,Nagpur,21.13,79.065,722.47,5.55,ANON-C-80BEC1C74684,,synthetic,2026-08-09T11:11:32.729776Z
SYNTH-OBS-F73A800C,PCB (high grade),Telecom Switching PCB,Nagpur,Nagpur,21.175,79.115,640.09,24.02,ANON-C-0B7236907DC1,REC-MH-01,synthetic,2026-08-11T19:36:43.828798Z
SYNTH-OBS-252F65A2,PCB (high grade),Telecom Switching PCB,Thane,Thane,19.215,72.965,787.51,3.27,ANON-C-D72504679B12,,synthetic,2026-08-12T00:32:25.973739Z
SYNTH-OBS-B3623F53,PCB (high grade),Telecom Switching PCB,Pune,Pune,18.51,73.85,766.81,20.87,ANON-C-7BEF6711CEFE,REC-MH-05,synthetic,2026-08-12T23:11:34.442393Z
SYNTH-OBS-561A82D5,PCB (high grade),Server Motherboard (Gold Pin),Thane,Thane,19.23,72.95,706.88,20.9,ANON-C-7655DE93AA1B,REC-MH-08,synthetic,2026-08-13T22:44:01.021795Z
SYNTH-OBS-7F455D53,PCB (high grade),Server Motherboard (Gold Pin),Nashik,Nashik,19.96,73.79,764.16,3.92,ANON-C-2BF1F5A09F40,,synthetic,2026-08-15T16:54:20.670688Z
SYNTH-OBS-2471249B,PCB (high grade),Server Motherboard (Gold Pin),Nashik,Nashik,20.025,73.78,734.05,6.08,ANON-C-91A5DA7E4F29,,synthetic,2026-08-17T09:25:22.409941Z
SYNTH-OBS-7944AFC6,PCB (high grade),Server Motherboard (Gold Pin),Nashik,Nashik,19.98,73.765,703.12,18.46,ANON-C-E4944049E630,,synthetic,2026-08-17T19:06:52.894103Z
SYNTH-OBS-5748ABA1,PCB (high grade),Server Motherboard (Gold Pin),Thane,Thane,19.2,73.005,754.85,21.93,,REC-MH-01,synthetic,2026-08-18T10:51:04.731982Z
SYNTH-OBS-7FC6EF9D,PCB (high grade),Server Motherboard (Gold Pin),Thane,Thane,19.215,72.975,768.09,9.69,,,synthetic,2026-08-20T17:14:47.255423Z
SYNTH-OBS-A23802FA,PCB (high grade),Server Motherboard (Gold Pin),Nagpur,Nagpur,21.18,79.085,724.43,7.55,ANON-C-C186FE1E2FBE,,synthetic,2026-08-22T07:15:26.747730Z
SYNTH-OBS-A02AC0B7,PCB (high grade),Telecom Switching PCB,Palghar,Palghar,19.68,72.76,711.75,20.73,ANON-C-CA96855B6BAF,REC-MH-09,synthetic,2026-08-22T20:10:52.849548Z
SYNTH-OBS-F724DC36,PCB (high grade),Server Motherboard (Gold Pin),Nagpur,Nagpur,21.14,79.115,766.21,2.76,ANON-C-E752DC86FE0B,REC-MH-04,synthetic,2026-08-23T20:28:29.882103Z
SYNTH-OBS-19BF4AEF,PCB (high grade),Telecom Switching PCB,Palghar,Palghar,19.69,72.775,722.28,3.37,ANON-C-B6170A1307D0,,synthetic,2026-08-24T16:48:17.303749Z
SYNTH-OBS-86514CD2,PCB (high grade),Server Motherboard (Gold Pin),Palghar,Palghar,19.705,72.775,698.06,14.02,,,synthetic,2026-08-26T01:35:04.978633Z
SYNTH-OBS-45B81FD6,PCB (high grade),Server Motherboard (Gold Pin),Mumbai,Mumbai,19.095,72.885,781.31,24.18,,,synthetic,2026-08-27T02:21:58.014509Z
SYNTH-OBS-8216CFE8,PCB (high grade),Telecom Switching PCB,Nashik,Nashik,20.015,73.805,712.24,26.96,,REC-MH-08,synthetic,2026-08-28T02:54:47.207245Z
SYNTH-OBS-1256817A,PCB (high grade),Server Motherboard (Gold Pin),Thane,Thane,19.21,72.985,751.2,0.25,,,synthetic,2026-08-28T16:20:23.581412Z
SYNTH-OBS-B3D83013,PCB (high grade),Server Motherboard (Gold Pin),Thane,Thane,19.19,73.005,837.51,8.02,,,synthetic,2026-08-31T15:57:34.999107Z
SYNTH-OBS-FF74495F,PCB (high grade),Server Motherboard (Gold Pin),Thane,Thane,19.205,72.965,829.09,24.44,ANON-C-FF9B016BFBD6,,synthetic,2026-09-03T16:54:23.801802Z
SYNTH-OBS-A0A23B5E,PCB (high grade),Server Motherboard (Gold Pin),Mumbai,Mumbai,19.08,72.86,822.95,29.45,ANON-C-C616D1D47D38,,synthetic,2026-09-03T19:59:09.844496Z
SYNTH-OBS-7E3AE751,PCB (high grade),Telecom Switching PCB,Nashik,Nashik,20.01,73.81,770.97,34.62,,REC-MH-08,synthetic,2026-09-05T09:58:51.733403Z
SYNTH-OBS-840051EC,PCB (high grade),Server Motherboard (Gold Pin),Thane,Thane,19.22,73.005,847.55,23.98,ANON-C-1958A69A2F52,,synthetic,2026-09-07T01:02:22.662262Z
SYNTH-OBS-D279FE1B,PCB (high grade),Server Motherboard (Gold Pin),Mumbai,Mumbai,19.045,72.89,800.05,32.7,ANON-C-8680F3F2089F,REC-MH-02,synthetic,2026-09-08T23:16:55.733800Z
SYNTH-OBS-817E71D4,PCB (high grade),Telecom Switching PCB,Thane,Thane,19.22,72.975,765.66,0.35,ANON-C-54CB8D470BB6,REC-MH-05,synthetic,2026-09-10T19:24:32.687693Z
SYNTH-OBS-BC6EB361,PCB (high grade),Telecom Switching PCB,Palghar,Palghar,19.69,72.74,760.5,20.39,,REC-MH-01,synthetic,2026-09-10T20:12:41.578462Z
SYNTH-OBS-A582024B,PCB (high grade),Telecom Switching PCB,Thane,Thane,19.22,72.945,799.6,29.66,ANON-C-693A32279171,REC-MH-09,synthetic,2026-09-12T20:32:47.699502Z
SYNTH-OBS-EAB3827F,PCB (high grade),Server Motherboard (Gold Pin),Thane,Thane,19.23,73.01,823.73,8.85,,REC-MH-06,synthetic,2026-09-15T16:23:20.761610Z
SYNTH-OBS-EE956F71,PCB (high grade),Telecom Switching PCB,Nagpur,Nagpur,21.12,79.105,780.07,26.25,ANON-C-9D5926098B5A,REC-MH-04,synthetic,2026-09-15T17:21:33.768755Z
SYNTH-OBS-9C37FBC0,PCB (high grade),Telecom Switching PCB,Palghar,Palghar,19.68,72.775,749.49,9.25,,REC-MH-04,synthetic,2026-09-17T12:25:21.600959Z
SYNTH-OBS-EAAEE985,PCB (high grade),Server Motherboard (Gold Pin),Thane,Thane,19.205,72.965,829.17,23.97,,,synthetic,2026-09-18T21:07:50.856791Z
SYNTH-OBS-C9E01D47,PCB (high grade),Server Motherboard (Gold Pin),Nagpur,Nagpur,21.12,79.09,796.23,28.94,,REC-MH-02,synthetic,2026-09-20T16:05:17.659424Z
SYNTH-OBS-33F97A68,PCB (high grade),Server Motherboard (Gold Pin),Mumbai,Mumbai,19.075,72.87,886.54,20.79,,REC-MH-02,synthetic,2026-09-21T21:30:17.953949Z
SYNTH-OBS-31E966EA,PCB (high grade),Telecom Switching PCB,Mumbai,Mumbai,19.07,72.915,890.57,26.23,,REC-MH-06,synthetic,2026-09-22T18:13:04.455658Z
SYNTH-OBS-6543E98E,PCB (low grade),Power Supply PCB,Palghar,Palghar,19.68,72.77,42.55,4.44,ANON-C-22C4EECB45ED,REC-MH-09,synthetic,2026-07-02T00:03:06.975053Z
SYNTH-OBS-65C94724,PCB (low grade),Power Supply PCB,Pune,Pune,18.535,73.855,49.95,11.27,ANON-C-167967AAC1D3,,synthetic,2026-07-02T05:18:23.126148Z
SYNTH-OBS-C4ED8981,PCB (low grade),Power Supply PCB,Pune,Pune,18.495,73.86,42.43,21.79,ANON-C-9A2214D74474,REC-MH-03,synthetic,2026-07-05T06:45:56.127748Z
SYNTH-OBS-68AACED2,PCB (low grade),Single-Layer Phenolic Board,Nashik,Nashik,20.005,73.795,44.3,25.12,,REC-MH-05,synthetic,2026-07-05T07:52:36.804517Z
SYNTH-OBS-87F64FD6,PCB (low grade),Single-Layer Phenolic Board,Nagpur,Nagpur,21.125,79.125,43.14,33.55,,REC-MH-03,synthetic,2026-07-07T11:08:33.570272Z
SYNTH-OBS-A774D582,PCB (low grade),Power Supply PCB,Mumbai,Mumbai,19.11,72.84,43.52,4.44,,,synthetic,2026-07-11T02:37:00.041585Z
SYNTH-OBS-C63E7792,PCB (low grade),Power Supply PCB,Palghar,Palghar,19.7,72.76,42.77,16.06,ANON-C-ECD4BCE1C802,,synthetic,2026-07-13T17:45:13.793579Z
SYNTH-OBS-5D6A72FD,PCB (low grade),Power Supply PCB,Thane,Thane,19.24,72.955,45.6,6.72,ANON-C-681FAD3C506C,,synthetic,2026-07-14T19:15:50.146953Z
SYNTH-OBS-5233ADEF,PCB (low grade),Power Supply PCB,Pune,Pune,18.52,73.885,45.85,23.93,ANON-C-6F1036A1FE48,REC-MH-08,synthetic,2026-07-16T22:55:14.758461Z
SYNTH-OBS-EE8A471B,PCB (low grade),Single-Layer Phenolic Board,Mumbai,Mumbai,19.085,72.885,47.55,24.14,ANON-C-8CCEFE1AC291,,synthetic,2026-07-19T06:31:33.366418Z
SYNTH-OBS-4B398F13,PCB (low grade),Power Supply PCB,Palghar,Palghar,19.7,72.745,39.82,29.89,ANON-C-D4FA4F8E41D5,REC-MH-07,synthetic,2026-07-21T06:33:32.481262Z
SYNTH-OBS-87F1AC37,PCB (low grade),Power Supply PCB,Nagpur,Nagpur,21.165,79.09,48.32,24.82,ANON-C-3A7159E2EAA0,REC-MH-02,synthetic,2026-07-25T13:49:00.961414Z
SYNTH-OBS-CBC20BEA,PCB (low grade),Power Supply PCB,Mumbai,Mumbai,19.075,72.91,52.4,32.96,ANON-C-DD92ADDE0CE1,,synthetic,2026-07-27T11:28:00.438781Z
SYNTH-OBS-A1EF469D,PCB (low grade),Single-Layer Phenolic Board,Nashik,Nashik,20.015,73.775,45.22,31.67,ANON-C-9E28C9AF383F,REC-MH-07,synthetic,2026-08-02T07:25:03.338934Z
SYNTH-OBS-5FA04AB7,PCB (low grade),Power Supply PCB,Nashik,Nashik,20.005,73.77,42.29,18.8,ANON-C-D70FD48EF26B,REC-MH-08,synthetic,2026-08-02T12:14:00.693247Z
SYNTH-OBS-AA71B850,PCB (low grade),Single-Layer Phenolic Board,Nashik,Nashik,19.995,73.78,43.13,4.98,,,synthetic,2026-08-03T04:15:06.217335Z
SYNTH-OBS-2D960A70,PCB (low grade),Power Supply PCB,Mumbai,Mumbai,19.065,72.88,48.07,18.86,ANON-C-E972C1234BA9,,synthetic,2026-08-04T21:42:46.425016Z
SYNTH-OBS-CB4A352A,PCB (low grade),Power Supply PCB,Thane,Thane,19.2,72.995,45.61,6.25,,,synthetic,2026-08-09T15:45:59.700347Z
SYNTH-OBS-8BB81282,PCB (low grade),Power Supply PCB,Palghar,Palghar,19.665,72.785,42.87,23.63,ANON-C-C0CFC67DC354,,synthetic,2026-08-12T02:47:23.944388Z
SYNTH-OBS-20657632,PCB (low grade),Single-Layer Phenolic Board,Mumbai,Mumbai,19.085,72.86,51.42,7.45,,,synthetic,2026-08-12T14:45:46.035928Z
SYNTH-OBS-68CDE33B,PCB (low grade),Single-Layer Phenolic Board,Thane,Thane,19.22,73.01,47.79,0.38,ANON-C-E68026A937B9,REC-MH-03,synthetic,2026-08-12T17:03:00.979876Z
SYNTH-OBS-154144AA,PCB (low grade),Single-Layer Phenolic Board,Mumbai,Mumbai,19.075,72.905,53.85,31.43,,REC-MH-07,synthetic,2026-08-13T16:06:10.040119Z
SYNTH-OBS-1A235054,PCB (low grade),Single-Layer Phenolic Board,Pune,Pune,18.5,73.875,45.85,20.36,ANON-C-ABF8B0CE3D6A,,synthetic,2026-08-13T20:35:55.414681Z
SYNTH-OBS-4F1E942A,PCB (low grade),Single-Layer Phenolic Board,Nashik,Nashik,20.005,73.815,48.27,33.91,,REC-MH-04,synthetic,2026-08-19T16:26:39.138454Z
SYNTH-OBS-8A1DB1F5,PCB (low grade),Single-Layer Phenolic Board,Mumbai,Mumbai,19.1,72.855,54.08,13.66,,REC-MH-05,synthetic,2026-08-20T16:06:11.044259Z
SYNTH-OBS-4BD3FBC7,PCB (low grade),Single-Layer Phenolic Board,Nagpur,Nagpur,21.15,79.12,48.05,8.3,,,synthetic,2026-08-20T17:49:05.623786Z
SYNTH-OBS-62D938E3,PCB (low grade),Power Supply PCB,Mumbai,Mumbai,19.045,72.855,48.36,32.14,ANON-C-D99E7E55AF0B,,synthetic,2026-08-21T10:13:09.639380Z
SYNTH-OBS-3D96EC0A,PCB (low grade),Single-Layer Phenolic Board,Nashik,Nashik,20.005,73.745,42.67,30.54,,REC-MH-07,synthetic,2026-08-22T00:54:15.319385Z
SYNTH-OBS-2EED7992,PCB (low grade),Single-Layer Phenolic Board,Nashik,Nashik,20.0,73.785,48.17,28.52,,REC-MH-08,synthetic,2026-08-24T06:52:00.765511Z
SYNTH-OBS-A08B0BE8,PCB (low grade),Power Supply PCB,Nagpur,Nagpur,21.155,79.09,48.07,21.51,,,synthetic,2026-08-24T21:07:57.200571Z
SYNTH-OBS-CC3B0F46,PCB (low grade),Power Supply PCB,Pune,Pune,18.54,73.855,52.39,27.3,ANON-C-8A6396FB3CF5,,synthetic,2026-08-26T08:32:08.844177Z
SYNTH-OBS-8408A651,PCB (low grade),Power Supply PCB,Mumbai,Mumbai,19.06,72.87,51.6,5.61,ANON-C-1B78105D7102,REC-MH-09,synthetic,2026-08-28T21:35:16.415448Z
SYNTH-OBS-4CA15084,PCB (low grade),Power Supply PCB,Nagpur,Nagpur,21.13,79.06,47.49,26.48,,,synthetic,2026-08-30T16:45:12.306999Z
SYNTH-OBS-DFD165FB,PCB (low grade),Power Supply PCB,Thane,Thane,19.2,73.0,59.8,20.16,,REC-MH-05,synthetic,2026-09-02T01:10:28.415974Z
SYNTH-OBS-2AC480E2,PCB (low grade),Single-Layer Phenolic Board,Thane,Thane,19.215,72.99,55.84,16.27,ANON-C-FA845D4EA8C1,,synthetic,2026-09-02T13:13:22.641376Z
SYNTH-OBS-43FB4058,PCB (low grade),Power Supply PCB,Nashik,Nashik,19.99,73.805,53.91,0.32,ANON-C-616F65BD3B88,REC-MH-01,synthetic,2026-09-02T17:36:08.389642Z
SYNTH-OBS-3A9F1ED9,PCB (low grade),Single-Layer Phenolic Board,Nagpur,Nagpur,21.155,79.11,58.85,21.25,ANON-C-5CD3511D9E15,,synthetic,2026-09-04T00:49:56.254242Z
SYNTH-OBS-AA59B93A,PCB (low grade),Single-Layer Phenolic Board,Thane,Thane,19.25,72.96,53.31,6.35,ANON-C-8A8A3288A07F,,synthetic,2026-09-04T14:14:07.226776Z
SYNTH-OBS-863F1698,PCB (low grade),Single-Layer Phenolic Board,Pune,Pune,18.545,73.87,48.06,24.59,,REC-MH-09,synthetic,2026-09-05T10:32:08.717013Z
SYNTH-OBS-7625F39B,PCB (low grade),Power Supply PCB,Thane,Thane,19.205,72.98,52.36,17.83,ANON-C-D511540847CD,REC-MH-08,synthetic,2026-09-08T19:25:48.509663Z
SYNTH-OBS-BBF3CC72,PCB (low grade),Power Supply PCB,Mumbai,Mumbai,19.055,72.865,59.7,10.81,,REC-MH-07,synthetic,2026-09-10T08:37:19.814420Z
SYNTH-OBS-E2F1EB44,PCB (low grade),Single-Layer Phenolic Board,Palghar,Palghar,19.72,72.765,44.69,31.46,ANON-C-F6A39CBE3683,REC-MH-03,synthetic,2026-09-11T05:56:25.215698Z
SYNTH-OBS-4157CDA3,PCB (low grade),Single-Layer Phenolic Board,Nagpur,Nagpur,21.16,79.115,51.67,31.09,ANON-C-4A5DF48CAEB9,,synthetic,2026-09-13T23:49:45.205831Z
SYNTH-OBS-4DF2F2D6,PCB (low grade),Power Supply PCB,Pune,Pune,18.535,73.845,52.77,9.42,ANON-C-399DD28E436A,REC-MH-03,synthetic,2026-09-15T23:27:04.825745Z
SYNTH-OBS-D5D670D7,PCB (low grade),Power Supply PCB,Palghar,Palghar,19.685,72.785,48.13,0.39,,REC-MH-02,synthetic,2026-09-16T02:14:28.313182Z
SYNTH-OBS-689DC084,PCB (low grade),Single-Layer Phenolic Board,Nagpur,Nagpur,21.125,79.09,52.18,16.08,ANON-C-4B5FA899194C,,synthetic,2026-09-16T09:07:43.191891Z
SYNTH-OBS-4E23B7DC,PCB (low grade),Power Supply PCB,Palghar,Palghar,19.7,72.78,47.62,18.3,,REC-MH-04,synthetic,2026-09-16T20:53:13.842478Z
SYNTH-OBS-744E6384,PCB (low grade),Single-Layer Phenolic Board,Thane,Thane,19.205,72.95,60.83,19.84,ANON-C-D49C3C09E0E9,,synthetic,2026-09-20T11:20:05.968471Z
SYNTH-OBS-977FE75F,PCB (low grade),Single-Layer Phenolic Board,Thane,Thane,19.2,73.0,55.07,22.72,,,synthetic,2026-09-20T12:46:35.781929Z
SYNTH-OBS-853DB809,PCB (low grade),Power Supply PCB,Nashik,Nashik,19.95,73.81,51.82,5.1,,,synthetic,2026-09-22T09:57:36.642993Z
SYNTH-OBS-8D8D0363,PCB (low grade),Power Supply PCB,Pune,Pune,18.52,73.84,58.37,28.57,,REC-MH-02,synthetic,2026-09-23T01:28:36.673280Z
